item_id,cefr_level,kind,section,concept_group,concept
pcic-00001,A1,grammar,gramatica,1.1. Clases de sustantivos,"Nombres de pila sin artículo María , Antonio"
pcic-00002,A1,grammar,gramatica,1.1. Clases de sustantivos,"Hipocorísticos y diminutivos Pepe (José), Paco (Francisco), Chelo (Consuelo), Lola (Dolores) [Hispanoamérica] Chayo (Rosario), Chava (Isabel), Güicho (Luis), Pancho (Francisco)"
pcic-00003,A1,grammar,gramatica,1.1. Clases de sustantivos,"Apellidos sin artículo Fernández , González"
pcic-00004,A1,grammar,gramatica,1.1. Clases de sustantivos,[Ecuador y Colombia] Don y doña + nombre / apellido sin connotación despreciativa. Uso exclusivo con sustantivo para ciertos estratos sociales
pcic-00005,A1,grammar,gramatica,1.1. Clases de sustantivos,[República Dominicana] Su merced
pcic-00006,A1,grammar,gramatica,1.1. Clases de sustantivos,"Países sin artículo España , Italia"
pcic-00007,A1,grammar,gramatica,1.1. Clases de sustantivos,Excepción: El Salvador
pcic-00008,A1,grammar,gramatica,1.1. Clases de sustantivos,"Ciudades y localidades Madrid , París , Alcalá de Henares"
pcic-00009,A1,grammar,gramatica,1.1. Clases de sustantivos,"Nombres de periodos temporales mediodía , tarde , noche"
pcic-00010,A2,grammar,gramatica,1.1. Clases de sustantivos,"Topónimos que llevan incorporado el artículo La Coruña , El Escorial , La Habana"
pcic-00011,A2,grammar,gramatica,1.1. Clases de sustantivos,"Nombres de instituciones Instituto Cervantes , Universidad Complutense"
pcic-00012,A2,grammar,gramatica,1.1. Clases de sustantivos,"Nombres de cargos, departamentos Director , Centro de idiomas"
pcic-00013,A2,grammar,gramatica,1.1. Clases de sustantivos,"Nombres de materias o disciplinas Física , Medicina"
pcic-00014,A2,grammar,gramatica,1.1. Clases de sustantivos,"Nombres de periodos temporales Pascua , Nochevieja"
pcic-00015,A2,grammar,gramatica,1.1. Clases de sustantivos,"Nombres eventivos accidente , concierto"
pcic-00016,A1,grammar,gramatica,1.2. El género de los sustantivos,"Masculino en o y femenino en a amigo , vecino , libro amiga , vecina , casa"
pcic-00017,A1,grammar,gramatica,1.2. El género de los sustantivos,"Vocales que no sean o / a el peine , la muerte"
pcic-00018,A1,grammar,gramatica,1.2. El género de los sustantivos,"Consonante el árbol , la catedral , la solución , el corazón"
pcic-00019,A1,grammar,gramatica,1.2. El género de los sustantivos,"Procedente de una abreviación la moto / motocicleta , la foto / fotografía , la radio / radiodifusión"
pcic-00020,A1,grammar,gramatica,1.2. El género de los sustantivos,"Heteronimia el padre / la madre , el hombre / la mujer"
pcic-00021,A2,grammar,gramatica,1.2. El género de los sustantivos,Masculino / femenino en í / ú (más frecuente en masculino) el jabalí
pcic-00022,A2,grammar,gramatica,1.2. El género de los sustantivos,"Nombres de colores el naranja , el rosa"
pcic-00023,A2,grammar,gramatica,1.2. El género de los sustantivos,"Sustantivos terminados en ma el problema , el tema"
pcic-00024,A2,grammar,gramatica,1.2. El género de los sustantivos,Otros casos aislados el día
pcic-00025,A2,grammar,gramatica,1.2. El género de los sustantivos,Casos aislados la mano
pcic-00026,A2,grammar,gramatica,1.2. El género de los sustantivos,"Género diferente expresado con una terminación diferente: femenino en esa , triz , ina , isa el príncipe / la princesa , el actor / la actriz , el rey / la reina , el poeta / la poetisa"
pcic-00027,A2,grammar,gramatica,1.2. El género de los sustantivos,"Sustantivos terminados en dor , tor , sor el gobernador / la gobernadora , el director , el secador , el profesor"
pcic-00028,A2,grammar,gramatica,1.2. El género de los sustantivos,"Nombres de persona terminados en ista el / la artista , el / la pianista"
pcic-00029,A1,grammar,gramatica,1.3. El número de los sustantivos,"Terminación en vocal: plural s mesa / mesas , libro / libros"
pcic-00030,A1,grammar,gramatica,1.3. El número de los sustantivos,"Terminación en consonante: plural es árbol / árboles , pared / paredes , tenedor / tenedores"
pcic-00031,A1,grammar,gramatica,1.3. El número de los sustantivos,Terminación en s . Monosílabos o sustantivos de acentuación aguda: plural es país / países
pcic-00032,A1,grammar,gramatica,1.3. El número de los sustantivos,Suma de individuos iguales: a + a +... + a el coche / los coches
pcic-00033,A2,grammar,gramatica,1.3. El número de los sustantivos,"Sustantivos invariables frecuentes, de más de una sílaba, de acentuación no aguda terminados en s el lunes / los lunes"
pcic-00034,A2,grammar,gramatica,1.3. El número de los sustantivos,"Duales léxicos más frecuentes las gafas , los pantalones"
pcic-00035,A1,grammar,gramatica,2.1. Clases de adjetivos,Función de complemento del nombre el chico guapo
pcic-00036,A1,grammar,gramatica,2.1. Clases de adjetivos,Función de atributo El chico es guapo
pcic-00037,A1,grammar,gramatica,2.1. Clases de adjetivos,Incompatibilidad con posesivos *mi guapo
pcic-00038,A1,grammar,gramatica,2.1. Clases de adjetivos,"Gentilicios muy frecuentes español , francés , japonés"
pcic-00039,A2,grammar,gramatica,2.1. Clases de adjetivos,"Oposiciones de polaridad (grados extremos de una cualidad) bonito  feo , bueno  malo , fuerte  débil"
pcic-00040,A1,grammar,gramatica,2.2. El género del adjetivo,Masculino en o y femenino en a alto / alta
pcic-00041,A1,grammar,gramatica,2.2. El género del adjetivo,"Masculino terminado en consonante y femenino terminado en a : gentilicios español / española , francés / francesa"
pcic-00042,A1,grammar,gramatica,2.2. El género del adjetivo,"Terminados en consonante difícil , fácil"
pcic-00043,A1,grammar,gramatica,2.2. El género del adjetivo,"Gentilicios marroquí , hindú"
pcic-00044,A2,grammar,gramatica,2.2. El género del adjetivo,"Derivados, terminados en dor , tor , sor creador / creadora , receptor / receptora"
pcic-00045,A2,grammar,gramatica,2.2. El género del adjetivo,"Terminados en e interesante , agradable , dulce"
pcic-00046,A1,grammar,gramatica,2.3. El número del adjetivo,"Terminados en vocal: plural s alto / altos , española / españolas"
pcic-00047,A1,grammar,gramatica,2.3. El número del adjetivo,Terminados en consonante: plural es fácil / fáciles
pcic-00048,A1,grammar,gramatica,2.4. Posición del adjetivo,Adjetivos especificativos o restrictivos un chico guapo
pcic-00049,A1,grammar,gramatica,2.5. Grados del adjetivo,Positivo un chico guapo
pcic-00050,A1,grammar,gramatica,2.5. Grados del adjetivo,Superlativo absoluto con adverbio muy muy guapo
pcic-00051,A2,grammar,gramatica,2.5. Grados del adjetivo,De superioridad más... que
pcic-00052,A2,grammar,gramatica,2.5. Grados del adjetivo,De igualdad tan... como
pcic-00053,A2,grammar,gramatica,2.5. Grados del adjetivo,De inferioridad menos... que
pcic-00054,A2,grammar,gramatica,2.5. Grados del adjetivo,"Comparativos cultos latinos más frecuentes: mejor , peor , mayor , menor"
pcic-00055,A1,grammar,gramatica,3.1. El artículo definido,"Paradigma regular: el , la , los , las"
pcic-00056,A1,grammar,gramatica,3.1. El artículo definido,"Formas contractas: al , del"
pcic-00057,A1,grammar,gramatica,3.1. El artículo definido,Restricciones debidas al tipo de sustantivo
pcic-00058,A1,grammar,gramatica,3.1. El artículo definido,Ausencia con nombre propio de persona: regla general [ v. Gramática 1.1.1. ]
pcic-00059,A1,grammar,gramatica,3.1. El artículo definido,Primera posición del SN la otra chica / *otra la chica
pcic-00060,A1,grammar,gramatica,3.1. El artículo definido,Imposibilidad de aparición de posesivos y demostrativos prenominales *el este libro / *la mi hermana
pcic-00061,A1,grammar,gramatica,3.1. El artículo definido,Obligatorio con sustantivo sujeto en construcciones con el verbo gustar Me gusta la paella . [ v. Funciones 3.2. ]
pcic-00062,A1,grammar,gramatica,3.1. El artículo definido,Incompatibilidad general con el verbo haber *Ahí hay la mesa .
pcic-00063,A1,grammar,gramatica,3.1. El artículo definido,Compatibilidad con el verbo estar Ahí está la mesa .
pcic-00064,A1,grammar,gramatica,3.1. El artículo definido,Incompatibilidad con el verbo saber Sabe * el ruso / *la filosofía .
pcic-00065,A2,grammar,gramatica,3.1. El artículo definido,El delante de vocal a tónica el aula / las aulas
pcic-00066,A2,grammar,gramatica,3.1. El artículo definido,Uso anafórico. Segunda mención El curso es interesante . [ v. Tácticas y estrategias pragmáticas 1.4.2. ]
pcic-00067,A2,grammar,gramatica,3.1. El artículo definido,"Uso deíctico basado en la situación extralingüística ¿Puedes cerrar la puerta, por favor?"
pcic-00068,A2,grammar,gramatica,3.1. El artículo definido,Posesión inalienable Me duele la cabeza . [ v. Gramática 5. ]
pcic-00069,A2,grammar,gramatica,3.1. El artículo definido,Valor genérico Leo el periódico .
pcic-00070,A2,grammar,gramatica,3.1. El artículo definido,Valor sustantivador. Elipsis nominal Compra el nuevo .
pcic-00071,A2,grammar,gramatica,3.1. El artículo definido,Restricciones debidas al tipo de sustantivo. Obligatorio en sustantivos que expresan actividades de ocio Juego al tenis .
pcic-00072,A2,grammar,gramatica,3.1. El artículo definido,Detrás de todo/a/os/as todos los libros / *los todos libros [ v. Gramática 6.1. ]
pcic-00073,A2,grammar,gramatica,3.1. El artículo definido,Compatibilidad con cuantificadores numerales los dos amigos
pcic-00074,A2,grammar,gramatica,3.1. El artículo definido,Restricciones por la presencia de determinados modificadores. Incompatibilidad con modificadores de gradación *la película muy buena
pcic-00075,A2,grammar,gramatica,3.1. El artículo definido,"Obligatorio con sustantivo sujeto en construcciones con verbos del tipo apetecer , encantar Me encanta la paella ."
pcic-00076,A2,grammar,gramatica,3.1. El artículo definido,"Incompatibilidad con estructuras posesivas y complementos de medida, sin modificador restrictivo *Tiene el perro. / Tiene el perro de Juan."
pcic-00077,A1,grammar,gramatica,3.2. El artículo indefinido,"Paradigma regular: un , una , unos , unas"
pcic-00078,A1,grammar,gramatica,3.2. El artículo indefinido,Significado básico: indefinición. Primera mención (referentes nuevos) Tengo un libro . [ v. Tácticas y estrategias pragmáticas 1.4.1. ]
pcic-00079,A1,grammar,gramatica,3.2. El artículo indefinido,"Restricciones debidas al tipo de sustantivo. Incompatibilidad general con los nombres propios *un Javier , *una España , *unos Correos"
pcic-00080,A1,grammar,gramatica,3.2. El artículo indefinido,"Restricciones debidas a otros componentes del SN . Incompatibilidad con demostrativos, numerales e indefinidos *este un amigo , *un otro amigo"
pcic-00081,A2,grammar,gramatica,3.2. El artículo indefinido,Un delante de vocal a tónica un aula / unas aulas; una amplia aula; toda un aula
pcic-00082,A2,grammar,gramatica,3.2. El artículo indefinido,Significado básico: indefinición. Imposibilidad de indicar la totalidad de la clase de objetos ¿Me das una hoja?
pcic-00083,A2,grammar,gramatica,3.2. El artículo indefinido,Relación anafórica de identidad de sentido Voy a una clase de español y luego a una de francés .
pcic-00084,A2,grammar,gramatica,3.2. El artículo indefinido,"Relación anafórica asociativa En la clase hace frío, una ventana está rota ."
pcic-00085,A2,grammar,gramatica,3.2. El artículo indefinido,Posesión inalienable Me duele un dedo . [ v. Gramática 5. ]
pcic-00086,A2,grammar,gramatica,3.2. El artículo indefinido,Valor aproximativo unos 50 euros
pcic-00087,A2,grammar,gramatica,3.2. El artículo indefinido,Valor sustantivador. Uso básico Compra una nueva .
pcic-00088,A2,grammar,gramatica,3.2. El artículo indefinido,Restricciones debidas al tipo de sustantivo. Incompatibilidad con nombres que designan entidades únicas *una madre de Juan
pcic-00089,A2,grammar,gramatica,3.2. El artículo indefinido,"Atributo con nombres de profesión, función, clase, nacionalidad o creencia sin artículo Es profesora de español ."
pcic-00090,A2,grammar,gramatica,3.2. El artículo indefinido,Atributo clasificador Es un amigo .
pcic-00091,A2,grammar,gramatica,3.2. El artículo indefinido,Obligatorio con hay
pcic-00092,A1,grammar,gramatica,3.3. Ausencia de determinación: los nombres escuetos,Incompatibilidad con el verbo gustar *Me gusta paella .
pcic-00093,A1,grammar,gramatica,3.3. Ausencia de determinación: los nombres escuetos,Compatibilidad general con el verbo haber impersonal Hay árboles en la plaza . No hay leche en la nevera
pcic-00094,A2,grammar,gramatica,3.3. Ausencia de determinación: los nombres escuetos,En singular con nombres no contables y en plural con nombres contables para indicar una cantidad inespecífica Bebe agua . Escribe cartas .
pcic-00095,A2,grammar,gramatica,3.3. Ausencia de determinación: los nombres escuetos,"Incompatibilidad con predicados que exigen un sujeto delimitado, como encantar *Le encanta cine ."
pcic-00096,A2,grammar,gramatica,3.3. Ausencia de determinación: los nombres escuetos,Restricciones en la aparición de nombres contables en singular. Con el verbo tener cuando corresponden a un cierto estereotipo social Tiene casa. / *Tiene palacio . Tiene perro. / *Tiene serpiente .
pcic-00097,A1,grammar,gramatica,Los demostrativos,"Paradigma del masculino y del femenino singular y plural este, esta, estos, estas ese, esa, esos, esas aquel, aquella, aquellos, aquellas"
pcic-00098,A1,grammar,gramatica,Los demostrativos,"Forma del neutro singular esto, eso, aquello Posición inicial con verbos copulativos ( ser , estar ) Eso es un libro."
pcic-00099,A1,grammar,gramatica,Los demostrativos,Cercanía respecto al hablante y al oyente este libro
pcic-00100,A1,grammar,gramatica,Los demostrativos,"Lejanía del hablante y del oyente ese libro , aquel árbol"
pcic-00101,A1,grammar,gramatica,Los demostrativos,El referente es un objeto desconocido ¿Qué es eso? [ v. Tácticas y estrategias pragmáticas 1.3.1. ]
pcic-00102,A1,grammar,gramatica,Los demostrativos,Posición del demostrativo: delante del sustantivo
pcic-00103,A1,grammar,gramatica,Los demostrativos,"Incompatibilidad con el artículo *el este [ v. Gramática 3.1. , 3.2. ]"
pcic-00104,A2,grammar,gramatica,Los demostrativos,Deíctico temporal Esta tarde voy al cine .
pcic-00105,A2,grammar,gramatica,Los demostrativos,"Anafórico Luis hizo una señal a Antonio, pero este no la vio . [ v. Tácticas y estrategias pragmáticas 1.1.1. ]"
pcic-00106,A2,grammar,gramatica,Los demostrativos,"El referente es un objeto o persona No, ese no es . [ v. Tácticas y estrategias pragmáticas 1.3.1. ]"
pcic-00107,A1,grammar,gramatica,Los posesivos,"Formas átonas. Un poseedor. Variación de número mi , mis , tu , tus , su , sus mi libro / mis libros"
pcic-00108,A1,grammar,gramatica,Los posesivos,"Variación de género y número con formas tónicas de varios poseedores nuestro libro / nuestros libros , nuestra llave / nuestras llaves"
pcic-00109,A1,grammar,gramatica,Los posesivos,Coincidencia formal de las formas átonas de 3.ª persona de singular y plural su casa [de él / de ella / de ellos / de ellas]
pcic-00110,A1,grammar,gramatica,Los posesivos,Posición inicial de la forma átona mi libro / *libro mi mi camisa roja
pcic-00111,A1,grammar,gramatica,Los posesivos,Incapacidad para aparecer solo en formas átonas ¿De quién es este libro? *Mi. / *Este libro es mi .
pcic-00112,A1,grammar,gramatica,Los posesivos,Incompatibilidad con adjetivos y con artículo en formas átonas *mi interesante *la mi amiga
pcic-00113,A1,grammar,gramatica,Los posesivos,Incompatibilidad con el verbo haber *Hay mis amigos .
pcic-00114,A2,grammar,gramatica,Los posesivos,"Formas tónicas. Un poseedor. Variación de género y número mío/a/os/as, tuyo/a/os/as, suyo/a/os/as"
pcic-00115,A2,grammar,gramatica,Los posesivos,Formas tónicas. Varios poseedores. Variación de género y número suyo/a/os/as
pcic-00116,A2,grammar,gramatica,Los posesivos,[Hispanoamérica] Tendencia a expresar la posesión mediante estructuras pospuestas. Posesivos pospuestos analíticos y sintéticos el libro tuyo [= tu libro] la escuela de nosotros [= nuestra escuela]
pcic-00117,A2,grammar,gramatica,Los posesivos,Posesión inalienable. Sustitución del posesivo por un artículo con partes del cuerpo Me duele la cabeza. / *Me duele mi cabeza . [ v. Tácticas y estrategias pragmáticas 1.3.3. ]
pcic-00118,A2,grammar,gramatica,Los posesivos,En respuesta a preguntas: capacidad para aparecer solo en formas tónicas (con valor de atributo o complemento predicativo)  ¿De quién es este libro? Mío [= Es mío].
pcic-00119,A2,grammar,gramatica,Los posesivos,Compatibilidad con el artículo en formas tónicas el mío
pcic-00120,A2,grammar,gramatica,Los posesivos,Compatibilidad con todos (posesivo detrás) y otros (posesivo delante) todos mis compañeros mis otros compañeros
pcic-00121,A1,grammar,gramatica,6.1. Cuantificadores propios,"Variación de género y de número doscientas personas , doscientos euros [ v. Ortografía 1.7.4. ]"
pcic-00122,A1,grammar,gramatica,6.1. Cuantificadores propios,"Variación de género primero / primera , segundo / segunda"
pcic-00123,A1,grammar,gramatica,6.1. Cuantificadores propios,Variación de género y número Hace mucho calor . Tengo muchos amigos . Bastante
pcic-00124,A1,grammar,gramatica,6.1. Cuantificadores propios,Variación de número Hay bastante dinero . Tenemos bastantes problemas .
pcic-00125,A2,grammar,gramatica,6.1. Cuantificadores propios,"Ordinales. Contraste formas plenas / formas apocopadas, con función de determinante (o delante de sustantivo) primero / primer, tercero / tercer Variación de número los primeros , los segundos (platos)"
pcic-00126,A2,grammar,gramatica,6.1. Cuantificadores propios,Variación de género y número. Concordancia en el SN todos los días / todas las mañanas
pcic-00127,A2,grammar,gramatica,6.1. Cuantificadores propios,"Combinación con determinantes: obligatoria con artículo, posesivo y demostrativo todos los días , todos mis amigos , todos estos libros / *todos días [ v. Gramática 3.1. , 5. ]"
pcic-00128,A2,grammar,gramatica,6.1. Cuantificadores propios,Aislado como respuesta a una pregunta ¿Qué te gusta más de España? Todo .
pcic-00129,A2,grammar,gramatica,6.1. Cuantificadores propios,Variación de género. Concordancia en plural con el verbo Todas somos alemanas . Todos vamos a clase .
pcic-00130,A2,grammar,gramatica,6.1. Cuantificadores propios,"Invariable, en expresiones con valor de instrucción todo seguido , todo recto"
pcic-00131,A2,grammar,gramatica,6.1. Cuantificadores propios,Variación de género y número No hace demasiado frío .
pcic-00132,A2,grammar,gramatica,6.1. Cuantificadores propios,Aislados como respuesta a una pregunta ¿Qué has comprado? Nada .
pcic-00133,A2,grammar,gramatica,6.1. Cuantificadores propios,Comparación de superioridad e inferioridad. Término de la comparación introducido por que Juan es más / menos alto que yo . [ v. Gramática 15.3.8. ]
pcic-00134,A2,grammar,gramatica,6.1. Cuantificadores propios,Comparación de igualdad. Término de la comparación introducido por como . Selección de tan y tanto Juan es tan alto como yo . Juan corre tanto como yo . [ v. Gramática 15.3.8. ]
pcic-00135,A1,grammar,gramatica,6.2. Cuantificadores focales o presuposicionales,"También , tampoco Yo también soy alemán . Yo tampoco voy . [ v. Tácticas y estrategias pragmáticas 1.2.1., 1.2.4. ]"
pcic-00136,A1,grammar,gramatica,7.1. El pronombre personal,"Paradigma de las tres personas gramaticales yo , tú , él , nosotros , vosotros , ellos"
pcic-00137,A1,grammar,gramatica,7.1. El pronombre personal,"Variación de género: 3.ª persona de singular y de plural; 1.ª y 2.ª personas de plural él / ella , ellos / ellas nosotros / nosotras vosotros / vosotras"
pcic-00138,A1,grammar,gramatica,7.1. El pronombre personal,[Zonas voseantes de Hispanoamérica] Forma vos para 2.ª persona del singular. Coexistencia del tuteo con mayor o menor alternancia de formas con el voseo
pcic-00139,A1,grammar,gramatica,7.1. El pronombre personal,"[México, excepto Chiapas, y El Caribe] Uso exclusivo del tuteo"
pcic-00140,A1,grammar,gramatica,7.1. El pronombre personal,"La forma usted / ustedes [Hispanoamérica, España: variedades meridionales y Canarias] Uso exclusivo de la forma ustedes para la 2.ª persona del plural. Ausencia de las formas vosotros / as [ v. Tácticas y estrategias pragmáticas 3.1.1. ]"
pcic-00141,A1,grammar,gramatica,7.1. El pronombre personal,Ausencia. Norma general: sujeto innecesario o inaceptable (relación temática con el predicado) Estudio español . [Hispanoamérica] Tendencia a utilizar sujetos pronominales Yo estudio español .
pcic-00142,A1,grammar,gramatica,7.1. El pronombre personal,"Presencia con valor de contraste Yo soy Clara, ¿y tú? [ v. Funciones 1.1. ]"
pcic-00143,A1,grammar,gramatica,7.1. El pronombre personal,Ausencia en oraciones impersonales con sujeto expletivo: verbo haber Hay mucha gente .
pcic-00144,A1,grammar,gramatica,7.1. El pronombre personal,Referente (+ humano). Uso del demostrativo para referirse a cosas Hay una ventana. Esta (ventana) es grande . / *Hay una ventana. Ella es grande .
pcic-00145,A1,grammar,gramatica,7.1. El pronombre personal,Noción de persona de los pronombres yo y tú
pcic-00146,A1,grammar,gramatica,7.1. El pronombre personal,Nosotros inclusivo (incluye al oyente): yo + tú (+ eventualmente terceras personas)
pcic-00147,A1,grammar,gramatica,7.1. El pronombre personal,Nosotros no inclusivo (excluye al oyente): yo + él / ella / ellos / ellas
pcic-00148,A1,grammar,gramatica,7.1. El pronombre personal,"Vosotros : un solo oyente ( tú + tú + eventualmente terceras personas), varios oyentes ( tú + él / ella / ellos / ellas )"
pcic-00149,A1,grammar,gramatica,7.1. El pronombre personal,"Ausencia con hay ¿Hay parques en tu barrio? Sí, hay ."
pcic-00150,A1,grammar,gramatica,7.1. El pronombre personal,"Ausencia en respuestas a preguntas cuando el antecedente es un sustantivo sin determinante ni cuantificador (interpretación inespecífica) ¿Tienes coche? No, no tengo ."
pcic-00151,A1,grammar,gramatica,7.1. El pronombre personal,1.ª persona de singular Me gusta el cine .
pcic-00152,A1,grammar,gramatica,7.1. El pronombre personal,"Significado de experimentante semántico, pero no sujeto gramatical, con gustar Me gustan los coches . [ v. Funciones 3.2. ]"
pcic-00153,A1,grammar,gramatica,7.1. El pronombre personal,Pronombre personal: forma única para el singular y el plural
pcic-00154,A1,grammar,gramatica,7.1. El pronombre personal,"Pronombre reflexivo Levantarse , peinarse [Hispanoamérica] Tendencia a usar formas reflexivas desayunarse , tardarse , amanecerse , robarse"
pcic-00155,A2,grammar,gramatica,7.1. El pronombre personal,Omisión del verbo Soy español. Yo también . [ v. Tácticas y estrategias pragmáticas 1.1.1. ]
pcic-00156,A2,grammar,gramatica,7.1. El pronombre personal,Entre él / ella / Ud. / Uds. por la flexión verbal. Con tiempos de indicativo Él preguntó y ella contestó .
pcic-00157,A2,grammar,gramatica,7.1. El pronombre personal,Ausencia con verbos meteorológicos Llueve .
pcic-00158,A2,grammar,gramatica,7.1. El pronombre personal,"La «no persona» (cualquier persona distinta de los interlocutores) él , ellos"
pcic-00159,A2,grammar,gramatica,7.1. El pronombre personal,"Deixis ad oculos Ha sido él [señalando, él está presente]. [ v. Tácticas y estrategias pragmáticas 1.3.3. ]"
pcic-00160,A2,grammar,gramatica,7.1. El pronombre personal,Valor anafórico Hablé con Luis y él me dijo la verdad [Luis no está presente]. [ v. Tácticas y estrategias pragmáticas 1.1.1. ]
pcic-00161,A2,grammar,gramatica,7.1. El pronombre personal,"Formas invariables de 1.ª y 2.ª persona me , te , nos , os Ayer os vi en el aeropuerto . Te quiero ."
pcic-00162,A2,grammar,gramatica,7.1. El pronombre personal,"3.ª persona con variación de género y número lo , la , los , las Lo usamos todos los días ."
pcic-00163,A2,grammar,gramatica,7.1. El pronombre personal,"El pronombre neutro lo (referido a ideas, acciones, situaciones) No lo conozco . [Hispanoamérica] Uso del femenino la Lo pasamos bien [España]. / La pasamos bien [Hispanoamérica]."
pcic-00164,A2,grammar,gramatica,7.1. El pronombre personal,Preferencia de los pronombres átonos sobre los tónicos *Vi a ella . / La vi .
pcic-00165,A2,grammar,gramatica,7.1. El pronombre personal,"Enclisis y proclisis: formas flexionadas, imperativo y formas no personales lo escribo / escríbelo / escribirlo / escribiéndolo [ v. Ortografía 2.1. ]"
pcic-00166,A2,grammar,gramatica,7.1. El pronombre personal,Alternancia en la posición del pronombre en las perífrasis más habituales Voy a verlo . / Lo voy a ver . Enclítico obligatorio con hay que *Lo hay que hacer .
pcic-00167,A2,grammar,gramatica,7.1. El pronombre personal,"Alternancia con verbos modales: poder , soler Puedo hacerlo . / Lo puedo hacer ."
pcic-00168,A2,grammar,gramatica,7.1. El pronombre personal,"Formas invariables me , te , nos , os [Zonas voseantes de Hispanoamérica] Uso de la forma te con el voseo Vos te hacés la comida ."
pcic-00169,A2,grammar,gramatica,7.1. El pronombre personal,3.ª persona con variación de número le / les
pcic-00170,A2,grammar,gramatica,7.1. El pronombre personal,"Sustitución de le / les por se ante pronombre átono de OD El permiso, a María se lo dieron hace un mes ."
pcic-00171,A2,grammar,gramatica,7.1. El pronombre personal,Preferencia de los pronombres átonos sobre los tónicos *Di el libro a ella . / Le di el libro .
pcic-00172,A2,grammar,gramatica,7.1. El pronombre personal,Coaparición del pronombre átono y del pronombre tónico para añadir la información de género Le entregué el libro a ella la semana pasada .
pcic-00173,A2,grammar,gramatica,7.1. El pronombre personal,Alternancia en la posición del pronombre en las perífrasis más habituales Voy a escribirle una carta . / Le voy a escribir una carta .
pcic-00174,A2,grammar,gramatica,7.1. El pronombre personal,"Significado de experimentante semántico, pero no sujeto gramatical, con verbos como interesar , encantar"
pcic-00175,A2,grammar,gramatica,7.1. El pronombre personal,Paradigma de las formas tónicas coincidentes con las formas de sujeto
pcic-00176,A2,grammar,gramatica,7.1. El pronombre personal,"Formas específicas de 1.ª y 2.ª persona del singular detrás de preposición: mí , ti [Zonas voseantes de Hispanoamérica] Formas para el voseo ( vos ) con vos , a vos , para vos"
pcic-00177,A2,grammar,gramatica,7.1. El pronombre personal,Reduplicación del pronombre A mí me gusta el azul . / *A mí gusta el azul .
pcic-00178,A2,grammar,gramatica,7.1. El pronombre personal,"Formas amalgamadas: 1.ª y 2.ª persona del singular con la preposición con : conmigo , contigo"
pcic-00179,A2,grammar,gramatica,7.1. El pronombre personal,Valor anafórico (recurso para la tematización) Con él me divierto .
pcic-00180,A2,grammar,gramatica,7.1. El pronombre personal,"Con preposición a , valor de OI A mí no me gusta [experimentante]. Te lo doy a ti [destinatario, destino, meta]. A mí me gusta el azul [valor contrastivo, con preposición a]."
pcic-00181,A2,grammar,gramatica,7.1. El pronombre personal,"Referente (+ humano) de mí , ti , conmigo , contigo , nosotros , vosotros"
pcic-00182,A1,grammar,gramatica,7.2. Los relativos,En relativas especificativas con antecedente expreso El libro que lee es muy interesante . [ v. Gramática 15.2. ]
pcic-00183,A1,grammar,gramatica,7.2. Los relativos,"Invariable, carente de flexión. Átono, proclítico la profesora que tengo / las casas que veo"
pcic-00184,A1,grammar,gramatica,7.2. Los relativos,Naturaleza del antecedente: sustantivo [+ /  humano] El libro que lee La profesora que tengo
pcic-00185,A1,grammar,gramatica,7.2. Los relativos,"Función de sujeto y de OD, con antecedente obligatorio La profesora que tengo me gusta mucho . Vivo en una casa que tiene tres habitaciones ."
pcic-00186,A1,grammar,gramatica,7.3. Los interrogativos,Tónico con acento gráfico. Posición inicial de su oración. Invariable [ v. Ortografía 2.2. ]
pcic-00187,A1,grammar,gramatica,7.3. Los interrogativos,"Aislado, seguido de verbo; seguido de SN ¿Qué estudias? ¿Qué libro lees?"
pcic-00188,A1,grammar,gramatica,7.3. Los interrogativos,"Pregunta por objetos o acciones ( humano) ¿Qué es eso? , ¿Qué haces? [ v. Funciones 1.2. ]"
pcic-00189,A1,grammar,gramatica,7.3. Los interrogativos,Forma singular. Tónico con acento gráfico. Posición inicial
pcic-00190,A1,grammar,gramatica,7.3. Los interrogativos,"Aislado, seguido de verbo"
pcic-00191,A1,grammar,gramatica,7.3. Los interrogativos,Pregunta por personas (+ humano) ¿Quién es esa chica? [ v. Funciones 1.2. ] Cuánto / cuánta / cuántos / cuántas
pcic-00192,A1,grammar,gramatica,7.3. Los interrogativos,Tónico con acento gráfico. Variable en género y número en concordancia con el sustantivo ¿Cuántos años tienes? / ¿Cuántas hermanas tienes?
pcic-00193,A1,grammar,gramatica,7.3. Los interrogativos,Adverbios interrogativos [ v. Gramática 8.8. ]
pcic-00194,A1,grammar,gramatica,7.3. Los interrogativos,Locuciones [ v. Gramática 8.9. ]
pcic-00195,A2,grammar,gramatica,7.3. Los interrogativos,"Pregunta por el sujeto ( humano), por el OD , por el atributo ¿Qué ha pasado? ¿Qué comes? ¿Qué es Luis? [ v. Funciones 1.2. ]"
pcic-00196,A2,grammar,gramatica,7.3. Los interrogativos,Variación de número
pcic-00197,A2,grammar,gramatica,7.3. Los interrogativos,Pregunta por el sujeto (+ humano) ¿Quiénes viven en el 5.º? [ v. Funciones 1.2. ]
pcic-00198,A2,grammar,gramatica,7.3. Los interrogativos,Adverbio invariable seguido directamente de verbo ¿Cuánto pesas?
pcic-00199,A2,grammar,gramatica,7.3. Los interrogativos,Adverbios interrogativos [ v. Gramática 8.8. ]
pcic-00200,A2,grammar,gramatica,7.4. Los exclamativos,Con adjetivo ¡Qué bonito!
pcic-00201,A2,grammar,gramatica,7.4. Los exclamativos,Con adverbio ¡Qué bien!
pcic-00202,A2,grammar,gramatica,7.4. Los exclamativos,Con verbo copulativo y adjetivo como atributo ¡Qué bonito es!
pcic-00203,A2,grammar,gramatica,8.1. Adverbios en -mente,Regla básica
pcic-00204,A1,grammar,gramatica,8.2. Adverbios nucleares o de predicado,"Pronominales demostrativos: deícticos aquí , ahí , allí [Hispanoamérica] Preferencia por las formas acá y allá [ v. Tácticas y estrategias pragmáticas 1.3.1. ]"
pcic-00205,A1,grammar,gramatica,8.2. Adverbios nucleares o de predicado,"Intensificación de lejos y cerca muy lejos , muy cerca"
pcic-00206,A1,grammar,gramatica,8.2. Adverbios nucleares o de predicado,"Pronominales demostrativos deícticos ahora , hoy , mañana [Hispanoamérica] Uso de adverbios con significados propios ahoy [= ahora + hoy] ahora por hoy [ v. Tácticas y estrategias pragmáticas 1.3.2. ]"
pcic-00207,A1,grammar,gramatica,8.2. Adverbios nucleares o de predicado,"Poco , mucho , bastante . Posición postverbal Duermo poco . Estudio mucho ."
pcic-00208,A1,grammar,gramatica,8.2. Adverbios nucleares o de predicado,"Oposición mucho / muy Es muy bonito . / *Es mucho bonito . [Hispanoamérica] Uso de demasiado por mucho , muy"
pcic-00209,A1,grammar,gramatica,8.2. Adverbios nucleares o de predicado,"Resultativos. Posición postverbal obligatoria bien , mal Está bien / mal . [ v. Funciones 2.4. ]"
pcic-00210,A1,grammar,gramatica,8.2. Adverbios nucleares o de predicado,"Sí , no No tengo hermanos [nuclear]. / No, no soy alemán [el primer no no es nuclear]."
pcic-00211,A1,grammar,gramatica,8.2. Adverbios nucleares o de predicado,También tampoco [Hispanoamérica] Uso de también no por tampoco
pcic-00212,A2,grammar,gramatica,8.2. Adverbios nucleares o de predicado,"Prepositivos. Combinación con la preposición de dentro , fuera , abajo , arriba , delante , detrás , lejos , cerca"
pcic-00213,A2,grammar,gramatica,8.2. Adverbios nucleares o de predicado,"De secuencia, orden o sucesión primero , luego , después"
pcic-00214,A2,grammar,gramatica,8.2. Adverbios nucleares o de predicado,"Prepositivos. Combinación con la preposición de antes , después"
pcic-00215,A2,grammar,gramatica,8.2. Adverbios nucleares o de predicado,"Complementos temporales orientados deícticamente la semana pasada , ayer [deíctico]"
pcic-00216,A2,grammar,gramatica,8.2. Adverbios nucleares o de predicado,Nunca Nunca he estado en Ecuador . No he estado nunca en Ecuador [términos de polaridad negativa].
pcic-00217,A2,grammar,gramatica,8.2. Adverbios nucleares o de predicado,Nada No me gusta nada [términos de polaridad negativa].
pcic-00218,A2,grammar,gramatica,8.4. Adverbios del modus,"Ordenadores o secuenciadores primero , segundo"
pcic-00219,A1,grammar,gramatica,8.5. Adverbios conjuntivos,"Entonces , también , tampoco . Restricciones impuestas por el tipo de polaridad también  sí / tampoco  no [ v. Funciones 2.9. ]"
pcic-00220,A1,grammar,gramatica,8.8. Adverbios relativos e interrogativos,"Interrogativos dónde , cómo Posición inicial, seguido de verbo o aislado. Invariable, para preguntar por lugar y modo ¿Dónde vives?"
pcic-00221,A2,grammar,gramatica,8.8. Adverbios relativos e interrogativos,"Interrogativo cuándo Posición inicial, seguido de verbo o aislado, para preguntar por tiempo ¿Cuándo empiezas las vacaciones?"
pcic-00222,A1,grammar,gramatica,8.9. Locuciones adverbiales,Por qué En posición inicial. Contraste con porque
pcic-00223,A2,grammar,gramatica,8.9. Locuciones adverbiales,"Locuciones compuestas por adverbio + preposición antes de , después de , encima de [Hispanoamérica] Uso de arriba de por encima de Bailó arriba de una mesa ."
pcic-00224,A1,grammar,gramatica,9.1. Tiempos verbales de indicativo,Paradigma de verbos regulares
pcic-00225,A1,grammar,gramatica,9.1. Tiempos verbales de indicativo,"[Zonas voseantes de Hispanoamérica] Formas voseantes verbales. Diversidad según dos tipos predominantes: am-áis , com-ís , viv-ís y am-ás , com-és , viv-ís Vos am-áis , com-ís , viv-ís [Sierra de Ecuador, zona meridional de Perú, Chile, noroeste y porción patagónica de Argentina y Bolivia (Oruro y Potosí)] Vos am-ás , com-és , viv-ís [México (Chiapas, Tabaso, Yucatán y Quintana Roo), Centroamérica (excepto mitad oriental de Panamá), Colombia (costa pacífica y andina), Venezuela (interior), Ecuador (costa), Bolivia (excepto Concepción), Argentina (Misiones, Corrientes, Buenos Aires, Entre Ríos, Santa Fe, La Pampa, Río Negro, Chubut y Tierra del Fuego) y Uruguay (excepto zona ultraserrana)] vos am-ás , com-és , viv-ís ; Tú am-ás , com-és , viv-ís [Oriente y Sur de Bolivia, Uruguay (Montevideo)]"
pcic-00226,A1,grammar,gramatica,9.1. Tiempos verbales de indicativo,"Irregularidades propias: ser , estar , haber , ir [Zonas voseantes de Hispanoamérica] Irregularidades de ser Vos sos ."
pcic-00227,A1,grammar,gramatica,9.1. Tiempos verbales de indicativo,Presente actual Estamos en clase de español.
pcic-00228,A1,grammar,gramatica,9.1. Tiempos verbales de indicativo,[Hispanoamérica] Tendencia al uso de la perífrasis voy a + infinitivo con valor de presente
pcic-00229,A1,grammar,gramatica,9.1. Tiempos verbales de indicativo,Presente durativo Vivo en Madrid .
pcic-00230,A2,grammar,gramatica,9.1. Tiempos verbales de indicativo,Irregularidades vocálicas y consonánticas más frecuentes
pcic-00231,A2,grammar,gramatica,9.1. Tiempos verbales de indicativo,"Irregularidades propias: saber , dar"
pcic-00232,A2,grammar,gramatica,9.1. Tiempos verbales de indicativo,Irregularidades ortográficas
pcic-00233,A2,grammar,gramatica,9.1. Tiempos verbales de indicativo,Valor de presente Presente habitual o cíclico Siempre estudio mucho .
pcic-00234,A2,grammar,gramatica,9.1. Tiempos verbales de indicativo,Futuro programado o natural Mañana voy al cine .
pcic-00235,A2,grammar,gramatica,9.1. Tiempos verbales de indicativo,Futuro de inmediatez Ya voy . [ v. Tácticas y estrategias pragmáticas 2.5.1. ]
pcic-00236,A2,grammar,gramatica,9.1. Tiempos verbales de indicativo,Paradigma de los verbos regulares [ v. Ortografía 1.3.1. ]
pcic-00237,A2,grammar,gramatica,9.1. Tiempos verbales de indicativo,"Verbos irregulares: ser , ir , ver"
pcic-00238,A2,grammar,gramatica,9.1. Tiempos verbales de indicativo,"Valor descriptivo: personas, objetos, lugares, tiempo Mi madre era alta . Tenía un coche rojo . El pueblo era pequeño . Era invierno . Eran las cinco ."
pcic-00239,A2,grammar,gramatica,9.1. Tiempos verbales de indicativo,Imperfecto habitual o cíclico Iba todos los días al colegio .
pcic-00240,A2,grammar,gramatica,9.1. Tiempos verbales de indicativo,Paradigma de las formas regulares de las tres conjugaciones
pcic-00241,A2,grammar,gramatica,9.1. Tiempos verbales de indicativo,"Irregularidad en la raíz: tener , hacer , estar [ v. Ortografía 1.3.1., 1.3.2. ]"
pcic-00242,A2,grammar,gramatica,9.1. Tiempos verbales de indicativo,"Verbos completamente irregulares: ser , ir"
pcic-00243,A2,grammar,gramatica,9.1. Tiempos verbales de indicativo,"Verbos irregulares: ver , dar"
pcic-00244,A2,grammar,gramatica,9.1. Tiempos verbales de indicativo,Significado básico: acciones pasadas enmarcadas en momento temporal preciso. Con verbos perfectivos Fui a su casa .
pcic-00245,A2,grammar,gramatica,9.1. Tiempos verbales de indicativo,Conjugación del verbo haber
pcic-00246,A2,grammar,gramatica,9.1. Tiempos verbales de indicativo,Paradigma de los participios pasados regulares
pcic-00247,A2,grammar,gramatica,9.1. Tiempos verbales de indicativo,"Participios irregulares fuertes hecho , escrito , visto"
pcic-00248,A2,grammar,gramatica,9.1. Tiempos verbales de indicativo,"Regla general con marcador temporal explícito hoy , este año , esta mañana , ya , todavía no"
pcic-00249,A2,grammar,gramatica,9.1. Tiempos verbales de indicativo,"Regla general con marcador temporal implícito He estado en tu casa [esta mañana, alguna vez, hoy]."
pcic-00250,A2,grammar,gramatica,9.1. Tiempos verbales de indicativo,"Marcadores temporales incluidos en unidades temporales más amplias que llegan al presente estas Navidades , en septiembre"
pcic-00251,A2,grammar,gramatica,9.3. El imperativo,Imperativos afirmativos regulares en 2.ª persona del singular y del plural
pcic-00252,A2,grammar,gramatica,9.3. El imperativo,"[Chiapas (México), Guatemala, El Salvador, Honduras, Nicaragua, Costa Rica, Colombia, Zulia (Venezuela), Ecuador, Arequipa (Perú), Bolivia, Argentina, Chile] Imperativo de la forma vos : -á , -é , -í"
pcic-00253,A2,grammar,gramatica,9.3. El imperativo,"Imperativos afirmativos irregulares di , haz , pon , sal"
pcic-00254,A2,grammar,gramatica,9.3. El imperativo,Imperativo en las formas de tratamiento usted / ustedes
pcic-00255,A2,grammar,gramatica,9.3. El imperativo,"Colocación de los pronombres personales de OD / OI (enclíticos) Cómpralo . Dale el libro . [ v. Gramática 7.1.2., 7.1.3. , Ortografía 2.1. ]"
pcic-00256,A2,grammar,gramatica,9.3. El imperativo,Valor de instrucción Sigue todo recto . [ v. Funciones 4.1. ]
pcic-00257,A2,grammar,gramatica,9.3. El imperativo,"Con función fática mira , oye , ¿diga? , ¿dígame? [ v. Funciones 5.3. , 6.1.1. , Tácticas y estrategias pragmáticas 1.2.5. ]"
pcic-00258,A2,grammar,gramatica,9.3. El imperativo,"Con función fática y valor de cortesía perdona / perdone [ v. Funciones 5.3. , 6.1.1. , Tácticas y estrategias pragmáticas 3.1.2. ]"
pcic-00259,A2,grammar,gramatica,9.3. El imperativo,"Fáticos previos a una explicación Pues mira, sigue por esta calle hasta el final ."
pcic-00260,A1,grammar,gramatica,9.4. Formas no personales del verbo,Infinitivo simple en las tres conjugaciones
pcic-00261,A1,grammar,gramatica,9.4. Formas no personales del verbo,"Independiente: fragmentario, como respuesta a una pregunta sin preposición ¿Qué haces? Estudiar."
pcic-00262,A1,grammar,gramatica,9.4. Formas no personales del verbo,"En subordinadas sustantivas, en función de sujeto y de OD Estudiar español es divertido . Me gusta estudiar español . Quiero ir a España . [ v. Gramática 15.1.1. ]"
pcic-00263,A1,grammar,gramatica,9.4. Formas no personales del verbo,Participios regulares de las tres conjugaciones. Variación de género y número. Concordancia con el sustantivo
pcic-00264,A1,grammar,gramatica,9.4. Formas no personales del verbo,Valor adjetival Estoy cansado .
pcic-00265,A2,grammar,gramatica,9.4. Formas no personales del verbo,Sujeto indeterminado o inespecífico Hay que hacer estos ejercicios . [ v. Tácticas y estrategias pragmáticas 3.1.1. ]
pcic-00266,A2,grammar,gramatica,9.4. Formas no personales del verbo,"Colocación de los pronombres personales de OD / OI (enclíticos) Puedes usarla . Hay que darle el libro . [ v. Gramática 7.1.2., 7.1.3. ]"
pcic-00267,A2,grammar,gramatica,9.4. Formas no personales del verbo,"En subordinadas sustantivas, en función de sujeto con verbos psicológicos inacusativos Le encanta ir al cine . [ v. Gramática 15.1.1. ]"
pcic-00268,A2,grammar,gramatica,9.4. Formas no personales del verbo,"En subordinadas adverbiales temporales, introducidas por antes de , después de Siempre bebo un vaso de leche antes de acostarme . [ v. Gramática 15.3.1. ]"
pcic-00269,A2,grammar,gramatica,9.4. Formas no personales del verbo,Gerundio simple en las tres conjugaciones. Valor imperfectivo progresivo [ v. Ortografía 1.3.5. ]
pcic-00270,A2,grammar,gramatica,9.4. Formas no personales del verbo,"Colocación de los pronombres personales de OD / OI (enclíticos) Está escuchándola . Está escribiéndole una carta . [ v. Gramática 7.1.2., 7.1.3. , Ortografía 2.1. ]"
pcic-00271,A2,grammar,gramatica,9.4. Formas no personales del verbo,Valor verbal Perifrástico: estar + gerundio [ v. Gramática 12.1. ]
pcic-00272,A2,grammar,gramatica,9.4. Formas no personales del verbo,"Participios irregulares de las tres conjugaciones hecho , escrito"
pcic-00273,A2,grammar,gramatica,9.4. Formas no personales del verbo,Participio como morfema de los tiempos compuestos
pcic-00274,A2,grammar,gramatica,9.4. Formas no personales del verbo,Como atributo El coche está estropeado .
pcic-00275,A1,grammar,gramatica,10.2. Complementos y modificadores,Adjetivos no relacionales [ v. Gramática 2.1.1. ]
pcic-00276,A1,grammar,gramatica,10.2. Complementos y modificadores,"Sintagma preposicional: único y no ambiguo (término: sustantivo, infinitivo, adverbio). Introducido por de o por otras preposiciones el libro de español , la hora de comer , la clase de hoy la página del libro [valor de genitivo (posesivo)] la vecina del tercero [valor asociativo] casa con jardín"
pcic-00277,A1,grammar,gramatica,10.2. Complementos y modificadores,Modificadores oracionales Oraciones relativas especificativas en indicativo la chica que lleva gafas [ v. Gramática 15.2. ]
pcic-00278,A2,grammar,gramatica,10.2. Complementos y modificadores,Sintagma preposicional: restricciones con los posesivos *la casa de mí / la casa mía / mi casa
pcic-00279,A2,grammar,gramatica,10.2. Complementos y modificadores,Participios usados propiamente como adjetivos una película apasionante / conocida
pcic-00280,A2,grammar,gramatica,10.2. Complementos y modificadores,"Aposición mi hermano Juan [especificativa] calle Alcalá , el teatro Albéniz , Fundación Juan March [elisión de la preposición de]"
pcic-00281,A1,grammar,gramatica,10.3. Concordancia interna al SN,Regla general: determinante  núcleo  adjetivo
pcic-00282,A2,grammar,gramatica,10.3. Concordancia interna al SN,Sexo biológico y género gramatical el caimán / *la caimana
pcic-00283,A1,grammar,gramatica,10.4. Concordancia del SN con el verbo,Regla general
pcic-00284,A2,grammar,gramatica,10.4. Concordancia del SN con el verbo,Concordancia de colectivos de uso frecuente Mucha gente vive en pisos en España .
pcic-00285,A2,grammar,gramatica,10.4. Concordancia del SN con el verbo,Concordancia en singular con el primer SN de una coordinación Me interesa la gente y los viajes .
pcic-00286,A1,grammar,gramatica,10.5. El vocativo,"En posición inicial y final Juan, ¿eres de Madrid?"
pcic-00287,A1,grammar,gramatica,11.2. Complementos y modificadores,"Modificadores Adverbios de grado: muy , poco , bastante"
pcic-00288,A2,grammar,gramatica,11.2. Complementos y modificadores,"Adverbios de grado comparativo: más , menos , tan"
pcic-00289,A2,grammar,gramatica,11.2. Complementos y modificadores,Exclamativos: qué ¡Qué bonito!
pcic-00290,A1,grammar,gramatica,12.1. El núcleo,Psicológicos de emoción psíquica: gustar
pcic-00291,A1,grammar,gramatica,12.1. El núcleo,Identificativo Soy Elena. [ v. Tácticas y estrategias pragmáticas 1.4.1. ]
pcic-00292,A1,grammar,gramatica,12.1. El núcleo,"Pertenencia a una clase (origen, profesión, ideología, materia...) Soy español . Soy estudiante ."
pcic-00293,A1,grammar,gramatica,12.1. El núcleo,Localización temporal Es lunes [ v. Tácticas y estrategias pragmáticas 1.4.1. ]
pcic-00294,A1,grammar,gramatica,12.1. El núcleo,Identificación con sustantivos y pronombres Es él .
pcic-00295,A1,grammar,gramatica,12.1. El núcleo,Localización espacial Está aquí . [ v. Tácticas y estrategias pragmáticas 1.3.1. ]
pcic-00296,A1,grammar,gramatica,12.1. El núcleo,"Criterio distribucional, con adverbios de modo: bien / mal"
pcic-00297,A2,grammar,gramatica,12.1. El núcleo,"Transitivos escribir [dos argumentos: agente + tema] regalar [tres argumentos: agente + tema + destinatario / meta] Como a las dos [transitivos sin tema expreso]. trabajar , correr [intransitivos] nacer , crecer [inacusativos]"
pcic-00298,A2,grammar,gramatica,12.1. El núcleo,Psicológicos de emoción psíquica: encantar
pcic-00299,A2,grammar,gramatica,12.1. El núcleo,Psicológicos de emoción física: doler
pcic-00300,A2,grammar,gramatica,12.1. El núcleo,Verbo haber en tiempos compuestos
pcic-00301,A2,grammar,gramatica,12.1. El núcleo,Perífrasis aspectuales de gerundio: estar + gerundio
pcic-00302,A2,grammar,gramatica,12.1. El núcleo,[Hispanoamérica] Tendencia al uso de la perífrasis estar + gerundio con valor puntual Está viniendo [= viene].
pcic-00303,A2,grammar,gramatica,12.1. El núcleo,"Aspectos formales: colocación de los pronombres Lo tengo que hacer . / Tengo que hacerlo . Voy a escribirle . / Le voy a escribir . [ v. Gramática 7.1.2., 7.1.3. ]"
pcic-00304,A2,grammar,gramatica,12.1. El núcleo,"Perífrasis aspectuales de infinitivo ir a [incoativas] acabar de [perfectivas] empezar a [ingresivas] volver a [reiterativas] [ v. Funciones 3.9. , 3.10. ]"
pcic-00305,A2,grammar,gramatica,12.1. El núcleo,"Perífrasis modales de infinitivo poder [con verbo modal] tener que , hay que [obligativas] [Panamá, Ecuador, Bolivia] saber + infinitivo con valor de soler + infinitivo [ v. Funciones 2.17. , 4.1. , 4.18. , Tácticas y estrategias pragmáticas 3.1.1. ]"
pcic-00306,A2,grammar,gramatica,12.1. El núcleo,Posesión Es mi libro .
pcic-00307,A2,grammar,gramatica,12.1. El núcleo,Cantidades y precios Somos tres . [v. Tácticas y estrategias pragmáticas 1.4.1.]
pcic-00308,A2,grammar,gramatica,12.1. El núcleo,Causa (con por ) Es por tu culpa .
pcic-00309,A2,grammar,gramatica,12.1. El núcleo,Finalidad Es para escribir .
pcic-00310,A2,grammar,gramatica,12.1. El núcleo,Adjetivos que solo pueden ir con ser Luis es sincero . Esas chicas son americanas .
pcic-00311,A2,grammar,gramatica,12.1. El núcleo,"Localización temporal (fechas, meses, estaciones con preposiciones a o en ) estamos a / estamos en"
pcic-00312,A2,grammar,gramatica,12.1. El núcleo,Tiempo meteorológico (con preposición a ) Estamos a tres grados .
pcic-00313,A2,grammar,gramatica,12.1. El núcleo,Estar + adjetivo: adjetivos que solo pueden ir con estar Está contento .
pcic-00314,A1,grammar,gramatica,12.2. Complementos,Concordancia atributo-sujeto Mis compañeras son alemanas .
pcic-00315,A1,grammar,gramatica,12.2. Complementos,El atributo es un sustantivo Mario es cocinero .
pcic-00316,A1,grammar,gramatica,12.2. Complementos,El atributo es un adjetivo El hijo de Marta es rubio .
pcic-00317,A1,grammar,gramatica,12.2. Complementos,OD de persona sin preposición Tengo dos hermanos .
pcic-00318,A1,grammar,gramatica,12.2. Complementos,OD de cosa No tengo teléfono .
pcic-00319,A1,grammar,gramatica,12.2. Complementos,El OD es una proposición subordinada Creo que Barcelona es una ciudad muy bonita .
pcic-00320,A1,grammar,gramatica,12.2. Complementos,Pronombre de OI de 1.ª persona de singular con gustar Me gusta bailar .
pcic-00321,A2,grammar,gramatica,12.2. Complementos,El atributo es un participio El tren está parado en la vía 2 .
pcic-00322,A2,grammar,gramatica,12.2. Complementos,OD de persona con preposición a Hoy he visto a Almudena en el cine .
pcic-00323,A2,grammar,gramatica,12.2. Complementos,Pronombres personales de OD : sustitución del OD referencial definido Vi al ladrón . / Lo vi . / *Vi a él . [ v. Gramática 7.1.2. ]
pcic-00324,A2,grammar,gramatica,12.2. Complementos,Anteposición de la preposición a He escrito una postal a mis padres .
pcic-00325,A2,grammar,gramatica,12.2. Complementos,Pronombres personales de OI [ v. Gramática 7.1.3. ]
pcic-00326,A2,grammar,gramatica,12.2. Complementos,Dativo de recepción o destino Te doy los ejercicios a ti . [ v. Tácticas y estrategias pragmáticas 1.3.3. ]
pcic-00327,A2,grammar,gramatica,12.2. Complementos,Dativo de separación Robaron la cartera a muchas personas .
pcic-00328,A2,grammar,gramatica,12.2. Complementos,Dativo posesivo Le rompieron las gafas a Ana . Me duele la cabeza . Me preparo el desayuno . [ v. Tácticas y estrategias pragmáticas 1.3.3. ]
pcic-00329,A2,grammar,gramatica,12.2. Complementos,"Reduplicación del OI (regla general) con verbos como interesar , encantar A mí me encanta comer fuera ."
pcic-00330,A2,grammar,gramatica,12.2. Complementos,Concurrencia de dos o más complementos circunstanciales Ceno todos los sábados en un restaurante .
pcic-00331,A2,grammar,gramatica,12.2. Complementos,Movilidad en la posición Por la tarde tomo café con mi abuela . / Tomo café con mi abuela por la tarde .
pcic-00332,A1,grammar,gramatica,13.1. Concordancia,Concordancia sujeto-verbo
pcic-00333,A1,grammar,gramatica,13.1. Concordancia,Concordancia sujeto-atributo
pcic-00334,A2,grammar,gramatica,13.1. Concordancia,Concordancia del pronombre de tratamiento usted / ustedes
pcic-00335,A1,grammar,gramatica,13.2. Constituyentes,Orden neutro o canónico: SVO [El Caribe] Tendencia a la presencia de sujeto explícito pronominal con orden SVO Yo soy
pcic-00336,A2,grammar,gramatica,13.2. Constituyentes,Variaciones en el orden SV debidas a la estructura informativa de la oración ¿Quién es María? Soy yo.
pcic-00337,A1,grammar,gramatica,13.3. Tipos de oraciones simples,Enunciativas (afirmativas y negativas) Soy español . / No soy español .
pcic-00338,A1,grammar,gramatica,13.3. Tipos de oraciones simples,"Totales, con sentido literal ¿Te llamas Ana?"
pcic-00339,A1,grammar,gramatica,13.3. Tipos de oraciones simples,"Parciales, con sentido literal ¿Cuándo vienes?"
pcic-00340,A1,grammar,gramatica,13.3. Tipos de oraciones simples,Impersonales con el verbo haber Hay tres personas . [Hispanoamérica] Tendencia a personalizar el verbo haber (se interpreta como sujeto un complemento) Habían cajas por todas partes . Hubieron muchas gentes . Habíamos muchos .
pcic-00341,A1,grammar,gramatica,13.3. Tipos de oraciones simples,Copulativas o atributivas Soy de Madrid .
pcic-00342,A1,grammar,gramatica,13.3. Tipos de oraciones simples,Transitivas e intransitivas Estudio español . / Vivo en Italia .
pcic-00343,A2,grammar,gramatica,13.3. Tipos de oraciones simples,Interrogativas disyuntivas ¿Prefieres té o café?
pcic-00344,A2,grammar,gramatica,13.3. Tipos de oraciones simples,"Exclamativas ¡Estoy cansado! , ¡Qué difícil!"
pcic-00345,A2,grammar,gramatica,13.3. Tipos de oraciones simples,Exhortativas Habla con él .
pcic-00346,A2,grammar,gramatica,13.3. Tipos de oraciones simples,Reflexivas Me ducho por la mañana .
pcic-00347,A2,grammar,gramatica,13.3. Tipos de oraciones simples,Impersonales con el verbo hacer Hace frío . [Hispanoamérica] Tendencia a personalizar el verbo hacer (se interpreta como sujeto un complemento) Hacen dos días que estoy aquí . Ya hicieron dos años que llegué . Hacían días que llegué .
pcic-00348,A1,grammar,gramatica,14.1. Copulativas,Con la conjunción y Soy americana y vivo en Los Ángeles .
pcic-00349,A1,grammar,gramatica,14.1. Copulativas,Negativas con la conjunción ni No me gusta el otoño ni el invierno .
pcic-00350,A2,grammar,gramatica,14.1. Copulativas,Sustitución de y por e Quiero verte e ir a tu casa .
pcic-00351,A1,grammar,gramatica,14.2. Disyuntivas,Con la conjunción o ¿Eres americano o inglés? [ v. Funciones 1.2.1. ]
pcic-00352,A2,grammar,gramatica,14.2. Disyuntivas,Sustitución de o por u Compra siete u ocho botellas de leche .
pcic-00353,A1,grammar,gramatica,14.3. Adversativas,"Con la conjunción pero Soy alemán, pero vivo en Suiza ."
pcic-00354,A1,grammar,gramatica,14.4. Distributivas,"Con uno... otro Uno habla alemán, otro habla francés ."
pcic-00355,A1,grammar,gramatica,15.1. Oraciones subordinadas sustantivas,Con el verbo ser Hablar español es útil .
pcic-00356,A1,grammar,gramatica,15.1. Oraciones subordinadas sustantivas,Con el verbo gustar Me gusta estudiar español . [ v. Funciones 3.2. ]
pcic-00357,A1,grammar,gramatica,15.1. Oraciones subordinadas sustantivas,"En función de OD Con verbos de actividad mental transitivos de un solo complemento, del tipo querer Quiero ir a España ."
pcic-00358,A1,grammar,gramatica,15.1. Oraciones subordinadas sustantivas,"Con el verbo creer , en forma afirmativa Creo que es muy caro . [ v. Tácticas y estrategias pragmáticas 3.1.2. ]"
pcic-00359,A2,grammar,gramatica,15.1. Oraciones subordinadas sustantivas,En función de sujeto Con verbos psicológicos inacusativos. Preferencia por posición postverbal del infinitivo Le encanta ir al cine . / Ir al cine le encanta [selección de experimentador (+ humano) en función de OI ]
pcic-00360,A2,grammar,gramatica,15.1. Oraciones subordinadas sustantivas,En función de complemento de régimen Con verbos de dos argumentos Aprendo a hablar .
pcic-00361,A1,grammar,gramatica,15.2. Oraciones subordinadas adjetivas o de relativo,"Especificativas o restrictivas, con antecedente expreso La profesora que tengo es muy buena ."
pcic-00362,A1,grammar,gramatica,15.2. Oraciones subordinadas adjetivas o de relativo,"Que Con antecedente expreso, en función de sujeto y de OD la amiga que viene conmigo un libro que lees [ v. Gramática 7.2. ]"
pcic-00363,A1,grammar,gramatica,15.2. Oraciones subordinadas adjetivas o de relativo,Indicativo: presente
pcic-00364,A2,grammar,gramatica,15.2. Oraciones subordinadas adjetivas o de relativo,Indicativo: tiempos del pasado y del futuro
pcic-00365,A1,grammar,gramatica,15.3. Oraciones subordinadas adverbiales,En posición pospuesta Estudio español porque mi novio es de Cáceres .
pcic-00366,A1,grammar,gramatica,15.3. Oraciones subordinadas adverbiales,Causales de motivación (exigencia de sujeto agentivo) Estoy en España porque me gusta .
pcic-00367,A1,grammar,gramatica,15.3. Oraciones subordinadas adverbiales,Porque En causales del enunciado. Detrás de la principal: relación de motivación Estoy en España porque me gusta .
pcic-00368,A1,grammar,gramatica,15.3. Oraciones subordinadas adverbiales,Contraste por qué (interrogativo) / porque
pcic-00369,A1,grammar,gramatica,15.3. Oraciones subordinadas adverbiales,Siempre en indicativo
pcic-00370,A1,grammar,gramatica,15.3. Oraciones subordinadas adverbiales,Integradas en infinitivo Tengo un libro para aprender español .
pcic-00371,A1,grammar,gramatica,15.3. Oraciones subordinadas adverbiales,Sujeto agentivo con infinitivo Estudio español para trabajar en México .
pcic-00372,A1,grammar,gramatica,15.3. Oraciones subordinadas adverbiales,Sujeto no agentivo con infinitivo El boli es para escribir .
pcic-00373,A1,grammar,gramatica,15.3. Oraciones subordinadas adverbiales,Para + infinitivo Este libro es para aprender español .
pcic-00374,A2,grammar,gramatica,15.3. Oraciones subordinadas adverbiales,Introducidas por antes de Con infinitivo. Correferencialidad de los sujetos. Interpretación factual Me lavo [yo] los dientes antes de [yo] acostarme .
pcic-00375,A2,grammar,gramatica,15.3. Oraciones subordinadas adverbiales,Introducidas por después de Con infinitivo. Correferencialidad de los sujetos. Interpretación factual A veces [yo] doy un paseo después de [yo] cenar .
pcic-00376,A2,grammar,gramatica,15.3. Oraciones subordinadas adverbiales,"Valor habitual, con presente de indicativo Cuando él viene trae regalos [= cada vez que viene]."
pcic-00377,A2,grammar,gramatica,15.3. Oraciones subordinadas adverbiales,Con sustantivo desde tu cumpleaños
pcic-00378,A2,grammar,gramatica,15.3. Oraciones subordinadas adverbiales,Con adverbio desde ayer
pcic-00379,A2,grammar,gramatica,15.3. Oraciones subordinadas adverbiales,Con verbo en indicativo desde que te vi
pcic-00380,A2,grammar,gramatica,15.3. Oraciones subordinadas adverbiales,Con complemento temporal. Contraste y restricciones aspectuales de desde / desde hace / hace que
pcic-00381,A2,grammar,gramatica,15.3. Oraciones subordinadas adverbiales,Con sustantivo hasta tu cumpleaños
pcic-00382,A2,grammar,gramatica,15.3. Oraciones subordinadas adverbiales,Con adverbio hasta ayer
pcic-00383,A2,grammar,gramatica,15.3. Oraciones subordinadas adverbiales,"[México, América Central y región andina] Hasta sin no con valor de inicio o término Viene hasta hoy ."
pcic-00384,A2,grammar,gramatica,15.3. Oraciones subordinadas adverbiales,Equivalencia en oración simple con preposición por Trabajo por dinero .
pcic-00385,A2,grammar,gramatica,15.3. Oraciones subordinadas adverbiales,En causales del enunciado. Detrás de la principal: relación causa-efecto Como porque tengo hambre .
pcic-00386,A2,grammar,gramatica,15.3. Oraciones subordinadas adverbiales,Siempre en indicativo
pcic-00387,A2,grammar,gramatica,15.3. Oraciones subordinadas adverbiales,Integradas en infinitivo Traigo esta caja para guardar la ropa .
pcic-00388,A2,grammar,gramatica,15.3. Oraciones subordinadas adverbiales,"Con infinitivo, como modificador de un SN comida para llevar"
pcic-00389,A2,grammar,gramatica,15.3. Oraciones subordinadas adverbiales,Detrás de la principal Estudio español para trabajar en México . / Para trabajar en México estudio español .
pcic-00390,A2,grammar,gramatica,15.3. Oraciones subordinadas adverbiales,"Prótasis y apódosis en presente de indicativo Si quieres ir al cine, puedes comprar la entrada por Internet ."
pcic-00391,A2,grammar,gramatica,15.3. Oraciones subordinadas adverbiales,Si Diferencia entre si / sí
pcic-00392,A2,grammar,gramatica,15.3. Oraciones subordinadas adverbiales,"Coordinadas Introducidas por entonces Entonces quedamos mañana, ¿no?"
pcic-00393,A2,grammar,gramatica,15.3. Oraciones subordinadas adverbiales,Yuxtapuestas Introducidas por por eso . Acción como resultado Está enfermo. Por eso no ha venido .
pcic-00394,A2,grammar,gramatica,15.3. Oraciones subordinadas adverbiales,Por eso Valor de consecuencia
pcic-00395,A2,grammar,gramatica,15.3. Oraciones subordinadas adverbiales,Entonces Valor de deducción Mañana voy al médico. Entonces no vienes a clase .
pcic-00396,A2,grammar,gramatica,15.3. Oraciones subordinadas adverbiales,Indicativo
pcic-00397,A2,grammar,gramatica,15.3. Oraciones subordinadas adverbiales,"Introducidas por tan como (invariable). Término de la comparación: sustantivos con determinante, pronombres sujeto Comparación de cualidades Soy tan alto como tú / como Manuel . El piso es tan grande como el estudio . [ v. Gramática 6.1. ]"
pcic-00398,A2,grammar,gramatica,15.3. Oraciones subordinadas adverbiales,"Introducidas por tanto / a / os / as... como . Concordancia con el sustantivo. Término de la comparación: sustantivos con determinante, pronombres sujeto Comparación de cantidad de objetos Tengo tantos problemas como tú . He comprado tantas libretas como él ."
pcic-00399,A2,grammar,gramatica,15.3. Oraciones subordinadas adverbiales,Comparación de frecuencia o de intensidad sobre las acciones Corre tanto como yo [= es tan rápido como yo / corre con la misma frecuencia que yo].
pcic-00400,A2,grammar,gramatica,15.3. Oraciones subordinadas adverbiales,Posición antepuesta de la acción Corro tanto como tú . / *Tanto corro como tú .
pcic-00401,A2,grammar,gramatica,15.3. Oraciones subordinadas adverbiales,"Comparación de cualidades. Con adjetivos y adverbios más alto que la luna , más lejos que antes Soy más alto que tú ."
pcic-00402,A2,grammar,gramatica,15.3. Oraciones subordinadas adverbiales,Comparación de cantidad de objetos. Con sustantivos He comprado más libros que *profesora / una profesora / la profesora . Tengo más libros que tú .
pcic-00403,A2,grammar,gramatica,15.3. Oraciones subordinadas adverbiales,Comparación de frecuencia o de intensidad sobre las acciones. Con verbos. Posición antepuesta de la acción Corro más que tú . / *Más corro que tú .
pcic-00404,A2,grammar,gramatica,15.3. Oraciones subordinadas adverbiales,"Mejor... que . Sustitución por más bien , más bueno . Alternancia entre las dos formas"
pcic-00405,A2,grammar,gramatica,15.3. Oraciones subordinadas adverbiales,Mayor... que . Sustitución por más grande . Alternancia entre las dos formas
pcic-00406,A2,grammar,gramatica,15.3. Oraciones subordinadas adverbiales,Comparación de cualidades. Con adjetivos y adverbios Soy menos alto que tú . El piso es menos bonito que el estudio .
pcic-00407,A2,grammar,gramatica,15.3. Oraciones subordinadas adverbiales,Comparación de cantidad de objetos. Con sustantivos He comprado menos libros que *profesora / una profesora / la profesora . Tengo menos problemas que tú .
pcic-00408,A2,grammar,gramatica,15.3. Oraciones subordinadas adverbiales,Comparación de frecuencia o de intensidad sobre las acciones. Con verbos. Posición antepuesta de la acción Corro menos que tú . / *Menos corro que tú .
pcic-00409,A2,grammar,gramatica,15.3. Oraciones subordinadas adverbiales,"Peor... que . Sustitución por más mal , más malo"
pcic-00410,A2,grammar,gramatica,15.3. Oraciones subordinadas adverbiales,Menor... que . Sustitución por más pequeño . Alternancia entre las dos formas
pcic-00411,A2,grammar,gramatica,15.3. Oraciones subordinadas adverbiales,Introducidas por como Juan es como su padre .
pcic-00412,A1,vocab,nociones_generales,"1.1. Existencia, inexistencia",haber
pcic-00413,A1,vocab,nociones_generales,"1.1. Existencia, inexistencia",tener En mi barrio hay dos farmacias. En Toledo no hay aeropuerto. El piso tiene tres habitaciones. Vigo no tiene metro
pcic-00414,A1,vocab,nociones_generales,"1.1. Existencia, inexistencia",vivir
pcic-00415,A2,vocab,nociones_generales,"1.1. Existencia, inexistencia",no haber ningún No hay ninguna farmacia en esta calle
pcic-00416,A2,vocab,nociones_generales,"1.1. Existencia, inexistencia",nacer
pcic-00417,A2,vocab,nociones_generales,"1.1. Existencia, inexistencia",morir
pcic-00418,A2,vocab,nociones_generales,"1.1. Existencia, inexistencia",hacer hacer un dibujo hacer una tarta
pcic-00419,A1,vocab,nociones_generales,"1.2. Presencia, ausencia",haber Hay mucha gente en la calle
pcic-00420,A1,vocab,nociones_generales,"1.2. Presencia, ausencia",estar Luisa no está aquí
pcic-00421,A1,vocab,nociones_generales,"1.2. Presencia, ausencia",sin
pcic-00422,A1,vocab,nociones_generales,"1.2. Presencia, ausencia",con Sin azúcar
pcic-00423,A1,vocab,nociones_generales,"1.2. Presencia, ausencia",por favor. Con leche
pcic-00424,A1,vocab,nociones_generales,"1.2. Presencia, ausencia",gracias
pcic-00425,A2,vocab,nociones_generales,"1.2. Presencia, ausencia",nadie
pcic-00426,A2,vocab,nociones_generales,"1.2. Presencia, ausencia",nada No hay nadie en casa. No hay nada en la nevera
pcic-00427,A2,vocab,nociones_generales,"1.3. Disponibilidad, no disponibilidad",tener
pcic-00428,A2,vocab,nociones_generales,"1.3. Disponibilidad, no disponibilidad",haber No hay leche. Tenemos entradas para todos
pcic-00429,A1,vocab,nociones_generales,1.4. Cualidad general,ser Esta cámara es nueva. Mi coche es blanco. El hotel es grande
pcic-00430,A2,vocab,nociones_generales,1.4. Cualidad general,color ¿De qué color es?
pcic-00431,A2,vocab,nociones_generales,1.4. Cualidad general,igual
pcic-00432,A2,vocab,nociones_generales,1.4. Cualidad general,diferente
pcic-00433,A2,vocab,nociones_generales,1.4. Cualidad general,parecido
pcic-00434,A2,vocab,nociones_generales,1.4. Cualidad general,típico
pcic-00435,A2,vocab,nociones_generales,1.4. Cualidad general,ser de   La camisa es de algodón
pcic-00436,A1,vocab,nociones_generales,1.5. Acontecimiento,ser La clase es el lunes por la tarde
pcic-00437,A2,vocab,nociones_generales,1.5. Acontecimiento,haber El jueves hubo un concierto en el Palacio de la Música
pcic-00438,A1,vocab,nociones_generales,"1.6. Certeza, incertidumbre [ v. Funciones 2.13. , 2.14. ]",ser posible
pcic-00439,A1,vocab,nociones_generales,"1.6. Certeza, incertidumbre [ v. Funciones 2.13. , 2.14. ]",quizá
pcic-00440,A2,vocab,nociones_generales,"1.6. Certeza, incertidumbre [ v. Funciones 2.13. , 2.14. ]",verdad
pcic-00441,A2,vocab,nociones_generales,"1.6. Certeza, incertidumbre [ v. Funciones 2.13. , 2.14. ]",probable
pcic-00442,A2,vocab,nociones_generales,"1.6. Certeza, incertidumbre [ v. Funciones 2.13. , 2.14. ]",estar seguro
pcic-00443,A2,vocab,nociones_generales,"1.7. Realidad, ficción",increíble
pcic-00444,A2,vocab,nociones_generales,"1.8. Necesidad, contingencia, obligación",necesario
pcic-00445,A2,vocab,nociones_generales,"1.8. Necesidad, contingencia, obligación",necesitar
pcic-00446,A2,vocab,nociones_generales,"1.8. Necesidad, contingencia, obligación",tener suerte
pcic-00447,A1,vocab,nociones_generales,"2.1. Cantidad numérica [ v. Gramática 6. , Nociones específicas 16.3. ]",número
pcic-00448,A1,vocab,nociones_generales,"2.1. Cantidad numérica [ v. Gramática 6. , Nociones específicas 16.3. ]",Tengo 18 años. Somos cinco. Mi ciudad tiene 150.000 habitantes
pcic-00449,A1,vocab,nociones_generales,"2.1. Cantidad numérica [ v. Gramática 6. , Nociones específicas 16.3. ]",Vivimos en el cuarto piso
pcic-00450,A1,vocab,nociones_generales,2.2. Cantidad relativa [ v. Gramática 6. ],gente
pcic-00451,A1,vocab,nociones_generales,2.2. Cantidad relativa [ v. Gramática 6. ],precio
pcic-00452,A1,vocab,nociones_generales,2.2. Cantidad relativa [ v. Gramática 6. ],más
pcic-00453,A1,vocab,nociones_generales,2.2. Cantidad relativa [ v. Gramática 6. ],menos Más pan
pcic-00454,A1,vocab,nociones_generales,2.2. Cantidad relativa [ v. Gramática 6. ],por favor
pcic-00455,A1,vocab,nociones_generales,2.2. Cantidad relativa [ v. Gramática 6. ],menos Tiene más
pcic-00456,A1,vocab,nociones_generales,2.2. Cantidad relativa [ v. Gramática 6. ],menos 25.000 habitantes
pcic-00457,A1,vocab,nociones_generales,2.2. Cantidad relativa [ v. Gramática 6. ],muy
pcic-00458,A1,vocab,nociones_generales,2.2. Cantidad relativa [ v. Gramática 6. ],mucho
pcic-00459,A1,vocab,nociones_generales,2.2. Cantidad relativa [ v. Gramática 6. ],bastante
pcic-00460,A1,vocab,nociones_generales,2.2. Cantidad relativa [ v. Gramática 6. ],poco Tengo bastante dinero en el bolso
pcic-00461,A2,vocab,nociones_generales,2.2. Cantidad relativa [ v. Gramática 6. ],botella de
pcic-00462,A2,vocab,nociones_generales,2.2. Cantidad relativa [ v. Gramática 6. ],vaso de
pcic-00463,A2,vocab,nociones_generales,2.2. Cantidad relativa [ v. Gramática 6. ],paquete de
pcic-00464,A2,vocab,nociones_generales,2.2. Cantidad relativa [ v. Gramática 6. ],caja de
pcic-00465,A2,vocab,nociones_generales,2.2. Cantidad relativa [ v. Gramática 6. ],lata de
pcic-00466,A2,vocab,nociones_generales,2.2. Cantidad relativa [ v. Gramática 6. ],barra de
pcic-00467,A2,vocab,nociones_generales,2.2. Cantidad relativa [ v. Gramática 6. ],todo el mundo
pcic-00468,A2,vocab,nociones_generales,2.2. Cantidad relativa [ v. Gramática 6. ],de +   En la sala había más de diez personas
pcic-00469,A1,vocab,nociones_generales,2.5. Grado,menos
pcic-00470,A1,vocab,nociones_generales,2.5. Grado,un poco Me gusta mucho. Soy un poco tímido
pcic-00471,A2,vocab,nociones_generales,2.5. Grado,demasiado
pcic-00472,A2,vocab,nociones_generales,2.5. Grado,nada No me interesa nada el fútbol. Es demasiado caro
pcic-00473,A2,vocab,nociones_generales,2.5. Grado,más. que
pcic-00474,A2,vocab,nociones_generales,2.5. Grado,menos. que
pcic-00475,A2,vocab,nociones_generales,2.5. Grado,tan. como El piso es tan bonito como el apartamento
pcic-00476,A1,vocab,nociones_generales,2.6. Medidas,grande
pcic-00477,A1,vocab,nociones_generales,2.6. Medidas,pequeño
pcic-00478,A1,vocab,nociones_generales,2.6. Medidas,largo
pcic-00479,A1,vocab,nociones_generales,2.6. Medidas,corto
pcic-00480,A1,vocab,nociones_generales,2.6. Medidas,alto
pcic-00481,A1,vocab,nociones_generales,2.6. Medidas,bajo
pcic-00482,A1,vocab,nociones_generales,2.6. Medidas,metro
pcic-00483,A1,vocab,nociones_generales,2.6. Medidas,kilómetro
pcic-00484,A1,vocab,nociones_generales,2.6. Medidas,rápido
pcic-00485,A1,vocab,nociones_generales,2.6. Medidas,lento
pcic-00486,A1,vocab,nociones_generales,2.6. Medidas,despacio No entiendo
pcic-00487,A1,vocab,nociones_generales,2.6. Medidas,más despacio
pcic-00488,A1,vocab,nociones_generales,2.6. Medidas,delgado
pcic-00489,A1,vocab,nociones_generales,2.6. Medidas,gordo
pcic-00490,A1,vocab,nociones_generales,2.6. Medidas,pequeño un parque grande
pcic-00491,A1,vocab,nociones_generales,2.6. Medidas,caliente
pcic-00492,A1,vocab,nociones_generales,2.6. Medidas,frío El café está frío
pcic-00493,A1,vocab,nociones_generales,2.6. Medidas,frío
pcic-00494,A1,vocab,nociones_generales,2.6. Medidas,calor
pcic-00495,A2,vocab,nociones_generales,2.6. Medidas,talla
pcic-00496,A2,vocab,nociones_generales,2.6. Medidas,grande
pcic-00497,A2,vocab,nociones_generales,2.6. Medidas,pequeña
pcic-00498,A2,vocab,nociones_generales,2.6. Medidas,mediana
pcic-00499,A2,vocab,nociones_generales,2.6. Medidas,única
pcic-00500,A2,vocab,nociones_generales,2.6. Medidas,la   42
pcic-00501,A2,vocab,nociones_generales,2.6. Medidas,el   38
pcic-00502,A2,vocab,nociones_generales,2.6. Medidas,mediano
pcic-00503,A2,vocab,nociones_generales,2.6. Medidas,estrecho
pcic-00504,A2,vocab,nociones_generales,2.6. Medidas,ancho
pcic-00505,A2,vocab,nociones_generales,2.6. Medidas,centímetro
pcic-00506,A2,vocab,nociones_generales,2.6. Medidas,haber Hay 50 km hasta Mérida
pcic-00507,A2,vocab,nociones_generales,2.6. Medidas,kilómetros por hora
pcic-00508,A2,vocab,nociones_generales,2.6. Medidas,kilo
pcic-00509,A2,vocab,nociones_generales,2.6. Medidas,gramo  Un kilo de naranjas. 200 gramos de jamón.   libra
pcic-00510,A2,vocab,nociones_generales,2.6. Medidas,pesar ¿Cuánto pesa?
pcic-00511,A2,vocab,nociones_generales,2.6. Medidas,metro  cuadrado
pcic-00512,A2,vocab,nociones_generales,2.6. Medidas,tener +   + metros cuadrados El piso tiene 80 metros cuadrados
pcic-00513,A2,vocab,nociones_generales,2.6. Medidas,litro
pcic-00514,A2,vocab,nociones_generales,2.6. Medidas,frío
pcic-00515,A2,vocab,nociones_generales,2.6. Medidas,calor Tengo mucho calor
pcic-00516,A1,vocab,nociones_generales,3.1. Localización,lugar
pcic-00517,A1,vocab,nociones_generales,3.1. Localización,estar Tikal está en Guatemala
pcic-00518,A1,vocab,nociones_generales,3.1. Localización,aquí
pcic-00519,A1,vocab,nociones_generales,3.1. Localización,allí   acá
pcic-00520,A1,vocab,nociones_generales,3.1. Localización,allá
pcic-00521,A2,vocab,nociones_generales,3.2. Posición absoluta,estar sentado
pcic-00522,A2,vocab,nociones_generales,3.2. Posición absoluta,de pie
pcic-00523,A1,vocab,nociones_generales,3.3. Posición relativa,cerca
pcic-00524,A1,vocab,nociones_generales,3.3. Posición relativa,lejos
pcic-00525,A1,vocab,nociones_generales,3.3. Posición relativa,a la derecha
pcic-00526,A1,vocab,nociones_generales,3.3. Posición relativa,a la izquierda
pcic-00527,A1,vocab,nociones_generales,3.3. Posición relativa,al lado
pcic-00528,A1,vocab,nociones_generales,3.3. Posición relativa,al final
pcic-00529,A1,vocab,nociones_generales,3.3. Posición relativa,en el centro
pcic-00530,A1,vocab,nociones_generales,3.3. Posición relativa,en
pcic-00531,A1,vocab,nociones_generales,3.3. Posición relativa,entre Las llaves están en la cartera. Hay una calle pequeña entre el supermercado
pcic-00532,A1,vocab,nociones_generales,3.3. Posición relativa,la cafetería
pcic-00533,A2,vocab,nociones_generales,3.3. Posición relativa,dentro
pcic-00534,A2,vocab,nociones_generales,3.3. Posición relativa,fuera
pcic-00535,A2,vocab,nociones_generales,3.3. Posición relativa,debajo
pcic-00536,A2,vocab,nociones_generales,3.3. Posición relativa,encima     arriba
pcic-00537,A2,vocab,nociones_generales,3.3. Posición relativa,delante
pcic-00538,A2,vocab,nociones_generales,3.3. Posición relativa,detrás
pcic-00539,A2,vocab,nociones_generales,3.3. Posición relativa,enfrente
pcic-00540,A2,vocab,nociones_generales,3.3. Posición relativa,alrededor   Había cuatro sillas alrededor de la mesa
pcic-00541,A2,vocab,nociones_generales,3.3. Posición relativa,las afueras   Vive en las afueras de la ciudad
pcic-00542,A2,vocab,nociones_generales,3.4. Distancia,distancia No hay mucha distancia entre los dos pueblos
pcic-00543,A2,vocab,nociones_generales,3.4. Distancia,haber ¿Cuántos kilómetros hay a Valencia?
pcic-00544,A2,vocab,nociones_generales,3.4. Distancia,desde
pcic-00545,A2,vocab,nociones_generales,3.4. Distancia,hasta
pcic-00546,A2,vocab,nociones_generales,3.4. Distancia,entre Hay 50 m desde la estación hasta mi casa. ¿Qué distancia hay entre el hotel
pcic-00547,A2,vocab,nociones_generales,3.4. Distancia,el aeropuerto?
pcic-00548,A1,vocab,nociones_generales,"3.5. Movimiento, estabilidad",ir
pcic-00549,A1,vocab,nociones_generales,"3.5. Movimiento, estabilidad",volver
pcic-00550,A1,vocab,nociones_generales,"3.5. Movimiento, estabilidad",venir
pcic-00551,A1,vocab,nociones_generales,"3.5. Movimiento, estabilidad",llegar
pcic-00552,A1,vocab,nociones_generales,"3.5. Movimiento, estabilidad",viajar
pcic-00553,A1,vocab,nociones_generales,"3.5. Movimiento, estabilidad",salir
pcic-00554,A1,vocab,nociones_generales,"3.5. Movimiento, estabilidad",entrar
pcic-00555,A1,vocab,nociones_generales,"3.5. Movimiento, estabilidad",a pie
pcic-00556,A1,vocab,nociones_generales,"3.5. Movimiento, estabilidad",en coche
pcic-00557,A1,vocab,nociones_generales,"3.5. Movimiento, estabilidad",en metro
pcic-00558,A1,vocab,nociones_generales,"3.5. Movimiento, estabilidad",en autobús
pcic-00559,A1,vocab,nociones_generales,"3.5. Movimiento, estabilidad",en tren
pcic-00560,A1,vocab,nociones_generales,"3.5. Movimiento, estabilidad",en barco
pcic-00561,A1,vocab,nociones_generales,"3.5. Movimiento, estabilidad",en avión Normalmente voy a pie al trabajo. Prefiero viajar en tren
pcic-00562,A2,vocab,nociones_generales,"3.5. Movimiento, estabilidad",transporte El transporte público es muy bueno en esta ciudad
pcic-00563,A2,vocab,nociones_generales,"3.5. Movimiento, estabilidad",subir
pcic-00564,A2,vocab,nociones_generales,"3.5. Movimiento, estabilidad",bajar
pcic-00565,A2,vocab,nociones_generales,"3.5. Movimiento, estabilidad",andar
pcic-00566,A2,vocab,nociones_generales,"3.5. Movimiento, estabilidad",caminar
pcic-00567,A2,vocab,nociones_generales,"3.5. Movimiento, estabilidad",pasear
pcic-00568,A2,vocab,nociones_generales,"3.5. Movimiento, estabilidad",correr Para llegar a la playa hay que andar dos
pcic-00569,A2,vocab,nociones_generales,"3.5. Movimiento, estabilidad",tres kilómetros
pcic-00570,A2,vocab,nociones_generales,"3.5. Movimiento, estabilidad",pasar   El autobús no pasa por el centro
pcic-00571,A2,vocab,nociones_generales,"3.5. Movimiento, estabilidad",quedarse El domingo me quedé en casa
pcic-00572,A2,vocab,nociones_generales,"3.5. Movimiento, estabilidad",sentarse
pcic-00573,A2,vocab,nociones_generales,"3.5. Movimiento, estabilidad",acostarse
pcic-00574,A2,vocab,nociones_generales,"3.5. Movimiento, estabilidad",hacer deporte
pcic-00575,A2,vocab,nociones_generales,"3.5. Movimiento, estabilidad",de ida
pcic-00576,A2,vocab,nociones_generales,"3.5. Movimiento, estabilidad",vuelta un billete de ida
pcic-00577,A2,vocab,nociones_generales,"3.5. Movimiento, estabilidad",vuelta
pcic-00578,A1,vocab,nociones_generales,"3.6. Orientación, dirección",calle ¿Dónde está la calle Velázquez? La segunda calle a la derecha
pcic-00579,A1,vocab,nociones_generales,"3.6. Orientación, dirección",todo recto
pcic-00580,A2,vocab,nociones_generales,"3.6. Orientación, dirección",bajar Para ir a la cafetería hay que bajar las escaleras
pcic-00581,A2,vocab,nociones_generales,"3.6. Orientación, dirección",llevar
pcic-00582,A2,vocab,nociones_generales,"3.6. Orientación, dirección",traer
pcic-00583,A2,vocab,nociones_generales,"3.6. Orientación, dirección",seguir Sigue todo recto
pcic-00584,A2,vocab,nociones_generales,"3.6. Orientación, dirección",cruzar
pcic-00585,A2,vocab,nociones_generales,"3.6. Orientación, dirección",girar Cruza el puente
pcic-00586,A2,vocab,nociones_generales,"3.6. Orientación, dirección",después gira a la izquierda
pcic-00587,A2,vocab,nociones_generales,"3.6. Orientación, dirección",la primera
pcic-00588,A2,vocab,nociones_generales,"3.6. Orientación, dirección",la segunda
pcic-00589,A2,vocab,nociones_generales,"3.6. Orientación, dirección",la tercera ~ calle
pcic-00590,A1,vocab,nociones_generales,3.7. Orden,la tercera calle el sexto piso
pcic-00591,A1,vocab,nociones_generales,3.7. Orden,antes
pcic-00592,A1,vocab,nociones_generales,3.7. Orden,después
pcic-00593,A2,vocab,nociones_generales,3.7. Orden,antes de
pcic-00594,A2,vocab,nociones_generales,3.7. Orden,después de
pcic-00595,A1,vocab,nociones_generales,3.8. Origen,ser +   Luis Alberto es cubano
pcic-00596,A1,vocab,nociones_generales,3.8. Origen,ser de Soy de Sevilla
pcic-00597,A1,vocab,nociones_generales,3.8. Origen,de ¿De dónde eres?
pcic-00598,A2,vocab,nociones_generales,3.8. Origen,venir de Vengo de Barcelona
pcic-00599,A2,vocab,nociones_generales,3.8. Origen,acabo de llegar
pcic-00600,A1,vocab,nociones_generales,4.1. Referencias generales,¿Qué hora es? Son las dos. Son las nueve
pcic-00601,A1,vocab,nociones_generales,4.1. Referencias generales,cuarto. Son las diez menos veinte.   Son veinte para las diez
pcic-00602,A1,vocab,nociones_generales,4.1. Referencias generales,momento
pcic-00603,A1,vocab,nociones_generales,4.1. Referencias generales,minuto
pcic-00604,A1,vocab,nociones_generales,4.1. Referencias generales,hora
pcic-00605,A1,vocab,nociones_generales,4.1. Referencias generales,día
pcic-00606,A1,vocab,nociones_generales,4.1. Referencias generales,semana
pcic-00607,A1,vocab,nociones_generales,4.1. Referencias generales,mes
pcic-00608,A1,vocab,nociones_generales,4.1. Referencias generales,año Un momento
pcic-00609,A1,vocab,nociones_generales,4.1. Referencias generales,el +
pcic-00610,A1,vocab,nociones_generales,4.1. Referencias generales,el fin de semana
pcic-00611,A1,vocab,nociones_generales,4.1. Referencias generales,cuándo ¿Cuándo vuelves?
pcic-00612,A1,vocab,nociones_generales,4.1. Referencias generales,temprano
pcic-00613,A1,vocab,nociones_generales,4.1. Referencias generales,pronto
pcic-00614,A1,vocab,nociones_generales,4.1. Referencias generales,tarde Los domingos me acuesto temprano
pcic-00615,A1,vocab,nociones_generales,4.1. Referencias generales,mañana
pcic-00616,A1,vocab,nociones_generales,4.1. Referencias generales,tarde
pcic-00617,A1,vocab,nociones_generales,4.1. Referencias generales,noche   en la ~ mañana
pcic-00618,A1,vocab,nociones_generales,4.1. Referencias generales,noche En la mañana estudio
pcic-00619,A1,vocab,nociones_generales,4.1. Referencias generales,en la tarde trabajo
pcic-00620,A1,vocab,nociones_generales,4.1. Referencias generales,a mediodía
pcic-00621,A1,vocab,nociones_generales,4.1. Referencias generales,de Las tiendas abren a las diez. Son las siete de la tarde. Trabajo de nueve a dos
pcic-00622,A2,vocab,nociones_generales,4.1. Referencias generales,cuarto de hora
pcic-00623,A2,vocab,nociones_generales,4.1. Referencias generales,media hora Esperé un cuarto de hora pero no vino
pcic-00624,A2,vocab,nociones_generales,4.1. Referencias generales,cumpleaños El 8 de marzo es mi cumpleaños
pcic-00625,A2,vocab,nociones_generales,4.1. Referencias generales,tener tiempo No tengo mucho tiempo para estudiar
pcic-00626,A2,vocab,nociones_generales,4.1. Referencias generales,después de antes de desayunar después de trabajar
pcic-00627,A2,vocab,nociones_generales,4.1. Referencias generales,en vacaciones
pcic-00628,A2,vocab,nociones_generales,4.1. Referencias generales,en Semana Santa
pcic-00629,A2,vocab,nociones_generales,4.1. Referencias generales,en Navidad
pcic-00630,A2,vocab,nociones_generales,4.1. Referencias generales,en este momento
pcic-00631,A2,vocab,nociones_generales,4.1. Referencias generales,hasta Trabajo aquí desde enero. Puedo esperar hasta esta tarde
pcic-00632,A2,vocab,nociones_generales,4.1. Referencias generales,durante durante las vacaciones
pcic-00633,A1,vocab,nociones_generales,4.2. Localización en el tiempo,el +   El viernes no tenemos clase
pcic-00634,A1,vocab,nociones_generales,4.2. Localización en el tiempo,hoy
pcic-00635,A1,vocab,nociones_generales,4.2. Localización en el tiempo,ahora Ahora vivo en Lisboa
pcic-00636,A1,vocab,nociones_generales,4.2. Localización en el tiempo,en agosto
pcic-00637,A1,vocab,nociones_generales,4.2. Localización en el tiempo,en invierno
pcic-00638,A1,vocab,nociones_generales,4.2. Localización en el tiempo,el +   el miércoles
pcic-00639,A1,vocab,nociones_generales,4.2. Localización en el tiempo,ayer
pcic-00640,A1,vocab,nociones_generales,4.2. Localización en el tiempo,en +   en junio
pcic-00641,A1,vocab,nociones_generales,4.2. Localización en el tiempo,en otoño
pcic-00642,A1,vocab,nociones_generales,4.2. Localización en el tiempo,el +   El jueves voy al teatro
pcic-00643,A1,vocab,nociones_generales,4.2. Localización en el tiempo,en enero
pcic-00644,A1,vocab,nociones_generales,4.2. Localización en el tiempo,en primavera
pcic-00645,A2,vocab,nociones_generales,4.2. Localización en el tiempo,esta mañana
pcic-00646,A2,vocab,nociones_generales,4.2. Localización en el tiempo,esta tarde
pcic-00647,A2,vocab,nociones_generales,4.2. Localización en el tiempo,esta noche
pcic-00648,A2,vocab,nociones_generales,4.2. Localización en el tiempo,esta semana
pcic-00649,A2,vocab,nociones_generales,4.2. Localización en el tiempo,este mes
pcic-00650,A2,vocab,nociones_generales,4.2. Localización en el tiempo,este año Esta mañana estoy muy cansada. Este mes he trabajado mucho
pcic-00651,A2,vocab,nociones_generales,4.2. Localización en el tiempo,estar + gerundio Está hablando por teléfono
pcic-00652,A2,vocab,nociones_generales,4.2. Localización en el tiempo,minuto
pcic-00653,A2,vocab,nociones_generales,4.2. Localización en el tiempo,hora
pcic-00654,A2,vocab,nociones_generales,4.2. Localización en el tiempo,hace ~ un momento
pcic-00655,A2,vocab,nociones_generales,4.2. Localización en el tiempo,un rato Ha llegado hace cinco minutos. Ha vuelto hace un rato
pcic-00656,A2,vocab,nociones_generales,4.2. Localización en el tiempo,en este momento En este momento no tengo trabajo
pcic-00657,A2,vocab,nociones_generales,4.2. Localización en el tiempo,desde hace Estudio español desde hace dos meses
pcic-00658,A2,vocab,nociones_generales,4.2. Localización en el tiempo,el 15 de abril de 1998
pcic-00659,A2,vocab,nociones_generales,4.2. Localización en el tiempo,la semana pasada
pcic-00660,A2,vocab,nociones_generales,4.2. Localización en el tiempo,el mes pasado
pcic-00661,A2,vocab,nociones_generales,4.2. Localización en el tiempo,el año pasado
pcic-00662,A2,vocab,nociones_generales,4.2. Localización en el tiempo,días
pcic-00663,A2,vocab,nociones_generales,4.2. Localización en el tiempo,semana
pcic-00664,A2,vocab,nociones_generales,4.2. Localización en el tiempo,mes
pcic-00665,A2,vocab,nociones_generales,4.2. Localización en el tiempo,año
pcic-00666,A2,vocab,nociones_generales,4.2. Localización en el tiempo,tiempo hace dos semanas hace un mes hace muchos años hace demasiado tiempo
pcic-00667,A2,vocab,nociones_generales,4.2. Localización en el tiempo,antes Antes no me gustaba la fruta
pcic-00668,A2,vocab,nociones_generales,4.2. Localización en el tiempo,en +   Eva nació en 1963
pcic-00669,A2,vocab,nociones_generales,4.2. Localización en el tiempo,este año Esta tarde voy a tomar una cerveza con unos amigos
pcic-00670,A2,vocab,nociones_generales,4.2. Localización en el tiempo,que viene
pcic-00671,A2,vocab,nociones_generales,4.2. Localización en el tiempo,ir a + infinitivo Este año no vamos a ir a la playa
pcic-00672,A1,vocab,nociones_generales,4.3. Aspectos de desarrollo,antes Me ducho por la mañana pero antes desayuno
pcic-00673,A1,vocab,nociones_generales,4.3. Aspectos de desarrollo,después El sábado vamos al cine
pcic-00674,A1,vocab,nociones_generales,4.3. Aspectos de desarrollo,después cenamos en un restaurante
pcic-00675,A1,vocab,nociones_generales,4.3. Aspectos de desarrollo,pronto Es temprano
pcic-00676,A1,vocab,nociones_generales,4.3. Aspectos de desarrollo,temprano Normalmente llego pronto a la oficina. Los lunes salgo de casa temprano
pcic-00677,A1,vocab,nociones_generales,4.3. Aspectos de desarrollo,ser tarde Es tarde
pcic-00678,A1,vocab,nociones_generales,4.3. Aspectos de desarrollo,tarde A veces el tren llega tarde a la estación
pcic-00679,A1,vocab,nociones_generales,4.3. Aspectos de desarrollo,empezar La clase empieza a las diez
pcic-00680,A1,vocab,nociones_generales,4.3. Aspectos de desarrollo,de Trabajo de nueve a cuatro
pcic-00681,A1,vocab,nociones_generales,4.3. Aspectos de desarrollo,terminar La clase termina a la una
pcic-00682,A1,vocab,nociones_generales,4.3. Aspectos de desarrollo,a Trabajo de nueve a cuatro
pcic-00683,A1,vocab,nociones_generales,4.3. Aspectos de desarrollo,repetir No entiendo
pcic-00684,A1,vocab,nociones_generales,4.3. Aspectos de desarrollo,¿puedes repetir
pcic-00685,A1,vocab,nociones_generales,4.3. Aspectos de desarrollo,por favor?
pcic-00686,A1,vocab,nociones_generales,4.3. Aspectos de desarrollo,año
pcic-00687,A1,vocab,nociones_generales,4.3. Aspectos de desarrollo,noche
pcic-00688,A1,vocab,nociones_generales,4.3. Aspectos de desarrollo,fin de semana
pcic-00689,A1,vocab,nociones_generales,4.3. Aspectos de desarrollo,primavera
pcic-00690,A1,vocab,nociones_generales,4.3. Aspectos de desarrollo,verano
pcic-00691,A1,vocab,nociones_generales,4.3. Aspectos de desarrollo,otoño
pcic-00692,A1,vocab,nociones_generales,4.3. Aspectos de desarrollo,invierno
pcic-00693,A1,vocab,nociones_generales,4.3. Aspectos de desarrollo,tiempo
pcic-00694,A1,vocab,nociones_generales,4.3. Aspectos de desarrollo,todos los días
pcic-00695,A1,vocab,nociones_generales,4.3. Aspectos de desarrollo,normalmente
pcic-00696,A1,vocab,nociones_generales,4.3. Aspectos de desarrollo,siempre
pcic-00697,A1,vocab,nociones_generales,4.3. Aspectos de desarrollo,nunca Siempre desayuno cereales. Nunca como pescado
pcic-00698,A1,vocab,nociones_generales,4.3. Aspectos de desarrollo,a veces A veces se levanta tarde. A veces voy de vacaciones en septiembre
pcic-00699,A1,vocab,nociones_generales,4.3. Aspectos de desarrollo,cambiar Quiero cambiar dinero
pcic-00700,A2,vocab,nociones_generales,4.3. Aspectos de desarrollo,durante Me llamó durante la clase
pcic-00701,A2,vocab,nociones_generales,4.3. Aspectos de desarrollo,Cuando viene trae regalos
pcic-00702,A2,vocab,nociones_generales,4.3. Aspectos de desarrollo,acabar de + infinitivo Tu jefa acaba de llamar
pcic-00703,A2,vocab,nociones_generales,4.3. Aspectos de desarrollo,ya
pcic-00704,A2,vocab,nociones_generales,4.3. Aspectos de desarrollo,todavía no Ya hemos visto esa exposición. Todavía no he probado la paella
pcic-00705,A2,vocab,nociones_generales,4.3. Aspectos de desarrollo,antes de antes de comer
pcic-00706,A2,vocab,nociones_generales,4.3. Aspectos de desarrollo,después de Normalmente escucho música después de comer
pcic-00707,A2,vocab,nociones_generales,4.3. Aspectos de desarrollo,empezar a + infinitivo Empiezo a trabajar a las nueve
pcic-00708,A2,vocab,nociones_generales,4.3. Aspectos de desarrollo,desde Estoy aquí desde mayo
pcic-00709,A2,vocab,nociones_generales,4.3. Aspectos de desarrollo,terminar de + infinitivo Termino de trabajar a las tres
pcic-00710,A2,vocab,nociones_generales,4.3. Aspectos de desarrollo,hasta Estará en Londres hasta el verano
pcic-00711,A2,vocab,nociones_generales,4.3. Aspectos de desarrollo,la farmacia está al final de la calle
pcic-00712,A2,vocab,nociones_generales,4.3. Aspectos de desarrollo,todo el tiempo Me duele la cabeza todo el tiempo
pcic-00713,A2,vocab,nociones_generales,4.3. Aspectos de desarrollo,muchas veces
pcic-00714,A2,vocab,nociones_generales,4.3. Aspectos de desarrollo,otra vez He estado muchas veces en su casa. Voy a ir otra vez a Perú.   otra vuelta
pcic-00715,A2,vocab,nociones_generales,4.3. Aspectos de desarrollo,estación
pcic-00716,A2,vocab,nociones_generales,4.3. Aspectos de desarrollo,media hora
pcic-00717,A2,vocab,nociones_generales,4.3. Aspectos de desarrollo,durar ¿Cuánto dura el viaje? La película dura casi tres horas
pcic-00718,A2,vocab,nociones_generales,4.3. Aspectos de desarrollo,mañana
pcic-00719,A2,vocab,nociones_generales,4.3. Aspectos de desarrollo,tarde
pcic-00720,A2,vocab,nociones_generales,4.3. Aspectos de desarrollo,noche
pcic-00721,A2,vocab,nociones_generales,4.3. Aspectos de desarrollo,todo el ~ día
pcic-00722,A2,vocab,nociones_generales,4.3. Aspectos de desarrollo,fin de semana La excursión dura todo el día
pcic-00723,A2,vocab,nociones_generales,4.3. Aspectos de desarrollo,durante durante la tarde
pcic-00724,A2,vocab,nociones_generales,4.3. Aspectos de desarrollo,vez
pcic-00725,A2,vocab,nociones_generales,4.3. Aspectos de desarrollo,veces ~ al día
pcic-00726,A2,vocab,nociones_generales,4.3. Aspectos de desarrollo,a la semana
pcic-00727,A2,vocab,nociones_generales,4.3. Aspectos de desarrollo,al mes
pcic-00728,A2,vocab,nociones_generales,4.3. Aspectos de desarrollo,al año Voy a la piscina dos veces a la semana
pcic-00729,A2,vocab,nociones_generales,4.3. Aspectos de desarrollo,algunas veces
pcic-00730,A2,vocab,nociones_generales,4.3. Aspectos de desarrollo,meses
pcic-00731,A2,vocab,nociones_generales,4.3. Aspectos de desarrollo,años
pcic-00732,A2,vocab,nociones_generales,4.3. Aspectos de desarrollo,fines de semana
pcic-00733,A2,vocab,nociones_generales,4.3. Aspectos de desarrollo,semanas
pcic-00734,A2,vocab,nociones_generales,4.3. Aspectos de desarrollo,mañanas
pcic-00735,A2,vocab,nociones_generales,4.3. Aspectos de desarrollo,tardes
pcic-00736,A2,vocab,nociones_generales,4.3. Aspectos de desarrollo,noches
pcic-00737,A2,vocab,nociones_generales,4.3. Aspectos de desarrollo,todo el tiempo Escucho música todo el tiempo
pcic-00738,A2,vocab,nociones_generales,4.3. Aspectos de desarrollo,cambio
pcic-00739,A2,vocab,nociones_generales,4.3. Aspectos de desarrollo,cambiar por Quería cambiar euros por pesos
pcic-00740,A2,vocab,nociones_generales,4.3. Aspectos de desarrollo,cambiar de cambiar de país cambiar de casa
pcic-00741,A2,vocab,nociones_generales,4.3. Aspectos de desarrollo,una vez Solamente he comido pescado crudo una vez
pcic-00742,A2,vocab,nociones_generales,5.1. Formas y figuras,dibujo
pcic-00743,A2,vocab,nociones_generales,5.1. Formas y figuras,dibujar
pcic-00744,A2,vocab,nociones_generales,5.1. Formas y figuras,redondo
pcic-00745,A2,vocab,nociones_generales,5.1. Formas y figuras,cuadrado
pcic-00746,A2,vocab,nociones_generales,5.1. Formas y figuras,ser Es redondo
pcic-00747,A2,vocab,nociones_generales,"5.3. Consistencia, resistencia",fuerte
pcic-00748,A2,vocab,nociones_generales,"5.6. Humedad, sequedad",seco
pcic-00749,A2,vocab,nociones_generales,5.7. Materia,madera
pcic-00750,A2,vocab,nociones_generales,5.7. Materia,piel
pcic-00751,A2,vocab,nociones_generales,5.7. Materia,plástico
pcic-00752,A2,vocab,nociones_generales,5.7. Materia,metal
pcic-00753,A2,vocab,nociones_generales,5.7. Materia,tela
pcic-00754,A2,vocab,nociones_generales,5.7. Materia,papel
pcic-00755,A2,vocab,nociones_generales,5.7. Materia,cristal
pcic-00756,A2,vocab,nociones_generales,5.7. Materia,ser de +   La mesa es de cristal
pcic-00757,A1,vocab,nociones_generales,"5.8. Visibilidad, visión",gafas
pcic-00758,A1,vocab,nociones_generales,"5.8. Visibilidad, visión",claro
pcic-00759,A1,vocab,nociones_generales,"5.8. Visibilidad, visión",oscuro Tiene los ojos claros. Tiene el pelo oscuro
pcic-00760,A1,vocab,nociones_generales,"5.8. Visibilidad, visión",ver No me gusta ver la televisión
pcic-00761,A2,vocab,nociones_generales,"5.8. Visibilidad, visión",vistas Hemos reservado una habitación con vistas al mar
pcic-00762,A2,vocab,nociones_generales,"5.8. Visibilidad, visión",luz El apartamento tiene mucha luz
pcic-00763,A2,vocab,nociones_generales,"5.8. Visibilidad, visión",mirar Mira
pcic-00764,A2,vocab,nociones_generales,"5.8. Visibilidad, visión",te presento a mi hermano
pcic-00765,A1,vocab,nociones_generales,"5.9. Audibilidad, audición",escuchar Me gusta escuchar música
pcic-00766,A2,vocab,nociones_generales,"5.9. Audibilidad, audición",ruido Había mucho ruido en la calle
pcic-00767,A2,vocab,nociones_generales,"5.9. Audibilidad, audición",oír
pcic-00768,A2,vocab,nociones_generales,5.10. Sabor [v. Nociones específicas 5.],rico
pcic-00769,A2,vocab,nociones_generales,5.10. Sabor [v. Nociones específicas 5.],bueno
pcic-00770,A2,vocab,nociones_generales,5.10. Sabor [v. Nociones específicas 5.],malo
pcic-00771,A1,vocab,nociones_generales,5.12. Color,rojo
pcic-00772,A1,vocab,nociones_generales,5.12. Color,amarillo
pcic-00773,A1,vocab,nociones_generales,5.12. Color,azul
pcic-00774,A1,vocab,nociones_generales,5.12. Color,verde
pcic-00775,A1,vocab,nociones_generales,5.12. Color,naranja
pcic-00776,A1,vocab,nociones_generales,5.12. Color,marrón
pcic-00777,A1,vocab,nociones_generales,5.12. Color,blanco
pcic-00778,A1,vocab,nociones_generales,5.12. Color,negro
pcic-00779,A1,vocab,nociones_generales,5.12. Color,gris
pcic-00780,A2,vocab,nociones_generales,5.12. Color,color
pcic-00781,A2,vocab,nociones_generales,5.12. Color,claro
pcic-00782,A2,vocab,nociones_generales,5.12. Color,oscuro
pcic-00783,A2,vocab,nociones_generales,5.12. Color,tinto
pcic-00784,A2,vocab,nociones_generales,5.12. Color,blanco
pcic-00785,A2,vocab,nociones_generales,5.12. Color,pintar
pcic-00786,A1,vocab,nociones_generales,"5.13. Edad, vejez",niño
pcic-00787,A1,vocab,nociones_generales,"5.13. Edad, vejez",chico
pcic-00788,A1,vocab,nociones_generales,"5.13. Edad, vejez",señor
pcic-00789,A1,vocab,nociones_generales,"5.13. Edad, vejez",nuevo
pcic-00790,A1,vocab,nociones_generales,"5.13. Edad, vejez",viejo
pcic-00791,A1,vocab,nociones_generales,"5.13. Edad, vejez",meses
pcic-00792,A1,vocab,nociones_generales,"5.13. Edad, vejez",años
pcic-00793,A2,vocab,nociones_generales,"5.13. Edad, vejez",adulto
pcic-00794,A2,vocab,nociones_generales,"5.13. Edad, vejez",cumpleaños
pcic-00795,A2,vocab,nociones_generales,"5.13. Edad, vejez",joven
pcic-00796,A2,vocab,nociones_generales,"5.13. Edad, vejez",viejo
pcic-00797,A2,vocab,nociones_generales,"5.13. Edad, vejez",mayor un chico joven una persona mayor
pcic-00798,A2,vocab,nociones_generales,"5.13. Edad, vejez",antiguo
pcic-00799,A2,vocab,nociones_generales,"5.13. Edad, vejez",moderno
pcic-00800,A1,vocab,nociones_generales,5.14. Accesibilidad,entrada
pcic-00801,A1,vocab,nociones_generales,5.14. Accesibilidad,salida
pcic-00802,A1,vocab,nociones_generales,5.14. Accesibilidad,abrir
pcic-00803,A1,vocab,nociones_generales,5.14. Accesibilidad,cerrar
pcic-00804,A1,vocab,nociones_generales,5.14. Accesibilidad,abierto
pcic-00805,A1,vocab,nociones_generales,5.14. Accesibilidad,cerrado
pcic-00806,A2,vocab,nociones_generales,5.15. Limpieza,limpio
pcic-00807,A2,vocab,nociones_generales,5.15. Limpieza,sucio
pcic-00808,A2,vocab,nociones_generales,5.15. Limpieza,limpiar
pcic-00809,A2,vocab,nociones_generales,5.15. Limpieza,lavar
pcic-00810,A1,vocab,nociones_generales,6.1. Evaluación general [ v. Funciones 2.4. ],bueno
pcic-00811,A1,vocab,nociones_generales,6.1. Evaluación general [ v. Funciones 2.4. ],malo
pcic-00812,A1,vocab,nociones_generales,6.1. Evaluación general [ v. Funciones 2.4. ],bien
pcic-00813,A1,vocab,nociones_generales,6.1. Evaluación general [ v. Funciones 2.4. ],mal
pcic-00814,A1,vocab,nociones_generales,6.1. Evaluación general [ v. Funciones 2.4. ],regular
pcic-00815,A1,vocab,nociones_generales,6.1. Evaluación general [ v. Funciones 2.4. ],interesante
pcic-00816,A1,vocab,nociones_generales,6.1. Evaluación general [ v. Funciones 2.4. ],feo
pcic-00817,A1,vocab,nociones_generales,6.1. Evaluación general [ v. Funciones 2.4. ],difícil
pcic-00818,A2,vocab,nociones_generales,6.1. Evaluación general [ v. Funciones 2.4. ],mejor
pcic-00819,A2,vocab,nociones_generales,6.1. Evaluación general [ v. Funciones 2.4. ],peor
pcic-00820,A2,vocab,nociones_generales,6.1. Evaluación general [ v. Funciones 2.4. ],impresionante
pcic-00821,A2,vocab,nociones_generales,6.1. Evaluación general [ v. Funciones 2.4. ],bien
pcic-00822,A2,vocab,nociones_generales,6.1. Evaluación general [ v. Funciones 2.4. ],mal
pcic-00823,A2,vocab,nociones_generales,6.1. Evaluación general [ v. Funciones 2.4. ],regular
pcic-00824,A1,vocab,nociones_generales,"6.2. Valor, precio",costar
pcic-00825,A1,vocab,nociones_generales,"6.2. Valor, precio",ser ¿Cuánto es?
pcic-00826,A1,vocab,nociones_generales,"6.2. Valor, precio",barato
pcic-00827,A1,vocab,nociones_generales,"6.2. Valor, precio",caro
pcic-00828,A1,vocab,nociones_generales,"6.2. Valor, precio",pagar
pcic-00829,A2,vocab,nociones_generales,"6.2. Valor, precio",precio
pcic-00830,A2,vocab,nociones_generales,"6.2. Valor, precio",valer ¿Cuánto vale?
pcic-00831,A1,vocab,nociones_generales,6.3. Atractivo,guapo
pcic-00832,A1,vocab,nociones_generales,6.3. Atractivo,bonito   lindo
pcic-00833,A1,vocab,nociones_generales,6.3. Atractivo,hermoso
pcic-00834,A1,vocab,nociones_generales,6.7. Conformidad,sí
pcic-00835,A1,vocab,nociones_generales,6.7. Conformidad,no
pcic-00836,A1,vocab,nociones_generales,6.7. Conformidad,de acuerdo   okay
pcic-00837,A2,vocab,nociones_generales,6.7. Conformidad,está bien
pcic-00838,A2,vocab,nociones_generales,6.7. Conformidad,vale
pcic-00839,A2,vocab,nociones_generales,6.8. Corrección,perfecto
pcic-00840,A2,vocab,nociones_generales,"6.10. Interés [ v. Funciones 3.2. , 3.14. , 3.15. ]",aburrido
pcic-00841,A2,vocab,nociones_generales,"6.10. Interés [ v. Funciones 3.2. , 3.14. , 3.15. ]",interesar Me interesa el arte moderno.   importar
pcic-00842,A2,vocab,nociones_generales,"6.12. Utilidad, uso",útil
pcic-00843,A1,vocab,nociones_generales,"6.13. Capacidad, competencia [ v. Funciones 2.20. , 2.21. , 2.23. ]",saber Sé español. Sabemos nadar
pcic-00844,A2,vocab,nociones_generales,"6.13. Capacidad, competencia [ v. Funciones 2.20. , 2.21. , 2.23. ]",poder Puedo estudiar con música. No podemos mover el coche
pcic-00845,A2,vocab,nociones_generales,6.14. Importancia,importante
pcic-00846,A2,vocab,nociones_generales,6.15. Normalidad,normal
pcic-00847,A1,vocab,nociones_generales,6.16. Facilidad,fácil
pcic-00848,A1,vocab,nociones_generales,"7.1. Reflexión, conocimiento",saber
pcic-00849,A1,vocab,nociones_generales,"7.1. Reflexión, conocimiento",creer
pcic-00850,A1,vocab,nociones_generales,7.2. Expresión verbal [ v. Nociones específicas 9. ],hablar
pcic-00851,A1,vocab,nociones_generales,7.2. Expresión verbal [ v. Nociones específicas 9. ],escribir
pcic-00852,A2,vocab,nociones_generales,7.2. Expresión verbal [ v. Nociones específicas 9. ],pregunta
pcic-00853,A2,vocab,nociones_generales,7.2. Expresión verbal [ v. Nociones específicas 9. ],respuesta
pcic-00854,A2,vocab,nociones_generales,7.2. Expresión verbal [ v. Nociones específicas 9. ],preguntar
pcic-00855,A2,vocab,nociones_generales,7.2. Expresión verbal [ v. Nociones específicas 9. ],contestar
pcic-00856,A2,vocab,nociones_generales,7.2. Expresión verbal [ v. Nociones específicas 9. ],decir
pcic-00857,A2,vocab,nociones_generales,7.2. Expresión verbal [ v. Nociones específicas 9. ],hacer una pregunta
pcic-00858,A1,vocab,nociones_especificas,1.1. Partes del cuerpo [ v. Nociones específicas 13. ],pelo
pcic-00859,A1,vocab,nociones_especificas,1.1. Partes del cuerpo [ v. Nociones específicas 13. ],ojo
pcic-00860,A1,vocab,nociones_especificas,1.1. Partes del cuerpo [ v. Nociones específicas 13. ],nariz
pcic-00861,A2,vocab,nociones_especificas,1.1. Partes del cuerpo [ v. Nociones específicas 13. ],cabeza
pcic-00862,A2,vocab,nociones_especificas,1.1. Partes del cuerpo [ v. Nociones específicas 13. ],cara
pcic-00863,A2,vocab,nociones_especificas,1.1. Partes del cuerpo [ v. Nociones específicas 13. ],brazo
pcic-00864,A2,vocab,nociones_especificas,1.1. Partes del cuerpo [ v. Nociones específicas 13. ],mano
pcic-00865,A2,vocab,nociones_especificas,1.1. Partes del cuerpo [ v. Nociones específicas 13. ],dedo
pcic-00866,A2,vocab,nociones_especificas,1.1. Partes del cuerpo [ v. Nociones específicas 13. ],pierna
pcic-00867,A2,vocab,nociones_especificas,1.1. Partes del cuerpo [ v. Nociones específicas 13. ],pie
pcic-00868,A2,vocab,nociones_especificas,1.1. Partes del cuerpo [ v. Nociones específicas 13. ],oído
pcic-00869,A2,vocab,nociones_especificas,1.1. Partes del cuerpo [ v. Nociones específicas 13. ],muela
pcic-00870,A2,vocab,nociones_especificas,1.1. Partes del cuerpo [ v. Nociones específicas 13. ],garganta
pcic-00871,A2,vocab,nociones_especificas,1.1. Partes del cuerpo [ v. Nociones específicas 13. ],estómago
pcic-00872,A2,vocab,nociones_especificas,1.1. Partes del cuerpo [ v. Nociones específicas 13. ],espalda
pcic-00873,A1,vocab,nociones_especificas,1.2. Características físicas,alto
pcic-00874,A1,vocab,nociones_especificas,1.2. Características físicas,bajo
pcic-00875,A1,vocab,nociones_especificas,1.2. Características físicas,gordo
pcic-00876,A1,vocab,nociones_especificas,1.2. Características físicas,delgado
pcic-00877,A1,vocab,nociones_especificas,1.2. Características físicas,guapo
pcic-00878,A1,vocab,nociones_especificas,1.2. Características físicas,feo
pcic-00879,A1,vocab,nociones_especificas,1.2. Características físicas,rubio
pcic-00880,A1,vocab,nociones_especificas,1.2. Características físicas,moreno
pcic-00881,A1,vocab,nociones_especificas,1.2. Características físicas,blanco
pcic-00882,A1,vocab,nociones_especificas,1.2. Características físicas,barba
pcic-00883,A1,vocab,nociones_especificas,1.2. Características físicas,bigote
pcic-00884,A1,vocab,nociones_especificas,1.2. Características físicas,gafas
pcic-00885,A1,vocab,nociones_especificas,1.2. Características físicas,claros
pcic-00886,A1,vocab,nociones_especificas,1.2. Características físicas,oscuros
pcic-00887,A1,vocab,nociones_especificas,1.2. Características físicas,azules
pcic-00888,A1,vocab,nociones_especificas,1.2. Características físicas,verdes
pcic-00889,A1,vocab,nociones_especificas,1.2. Características físicas,negros
pcic-00890,A1,vocab,nociones_especificas,1.2. Características físicas,marrones
pcic-00891,A1,vocab,nociones_especificas,1.2. Características físicas,grandes
pcic-00892,A1,vocab,nociones_especificas,1.2. Características físicas,pequeños
pcic-00893,A2,vocab,nociones_especificas,1.2. Características físicas,calvo
pcic-00894,A2,vocab,nociones_especificas,1.2. Características físicas,el pelo ~ liso
pcic-00895,A2,vocab,nociones_especificas,1.2. Características físicas,rizado
pcic-00896,A2,vocab,nociones_especificas,1.2. Características físicas,largo
pcic-00897,A2,vocab,nociones_especificas,1.2. Características físicas,corto
pcic-00898,A2,vocab,nociones_especificas,1.2. Características físicas,una gorra
pcic-00899,A2,vocab,nociones_especificas,1.2. Características físicas,un sombrero
pcic-00900,A2,vocab,nociones_especificas,1.2. Características físicas,un pañuelo
pcic-00901,A1,vocab,nociones_especificas,"1.3. Acciones y posiciones que se realizan con el cuerpo [ v. Nociones generales 3.2. , 3.5. ]",levantarse
pcic-00902,A1,vocab,nociones_especificas,"1.3. Acciones y posiciones que se realizan con el cuerpo [ v. Nociones generales 3.2. , 3.5. ]",ducharse
pcic-00903,A1,vocab,nociones_especificas,"1.3. Acciones y posiciones que se realizan con el cuerpo [ v. Nociones generales 3.2. , 3.5. ]",escuchar
pcic-00904,A2,vocab,nociones_especificas,"1.3. Acciones y posiciones que se realizan con el cuerpo [ v. Nociones generales 3.2. , 3.5. ]",lavarse
pcic-00905,A2,vocab,nociones_especificas,"1.3. Acciones y posiciones que se realizan con el cuerpo [ v. Nociones generales 3.2. , 3.5. ]",peinarse
pcic-00906,A2,vocab,nociones_especificas,"1.3. Acciones y posiciones que se realizan con el cuerpo [ v. Nociones generales 3.2. , 3.5. ]",afeitarse
pcic-00907,A2,vocab,nociones_especificas,"1.3. Acciones y posiciones que se realizan con el cuerpo [ v. Nociones generales 3.2. , 3.5. ]",andar
pcic-00908,A2,vocab,nociones_especificas,"1.3. Acciones y posiciones que se realizan con el cuerpo [ v. Nociones generales 3.2. , 3.5. ]",pasear
pcic-00909,A2,vocab,nociones_especificas,"1.3. Acciones y posiciones que se realizan con el cuerpo [ v. Nociones generales 3.2. , 3.5. ]",correr
pcic-00910,A2,vocab,nociones_especificas,"1.3. Acciones y posiciones que se realizan con el cuerpo [ v. Nociones generales 3.2. , 3.5. ]",subir
pcic-00911,A2,vocab,nociones_especificas,"1.3. Acciones y posiciones que se realizan con el cuerpo [ v. Nociones generales 3.2. , 3.5. ]",bajar
pcic-00912,A2,vocab,nociones_especificas,"1.3. Acciones y posiciones que se realizan con el cuerpo [ v. Nociones generales 3.2. , 3.5. ]",sentarse
pcic-00913,A2,vocab,nociones_especificas,"1.3. Acciones y posiciones que se realizan con el cuerpo [ v. Nociones generales 3.2. , 3.5. ]",ver
pcic-00914,A2,vocab,nociones_especificas,"1.3. Acciones y posiciones que se realizan con el cuerpo [ v. Nociones generales 3.2. , 3.5. ]",oír
pcic-00915,A2,vocab,nociones_especificas,"1.3. Acciones y posiciones que se realizan con el cuerpo [ v. Nociones generales 3.2. , 3.5. ]",coger
pcic-00916,A2,vocab,nociones_especificas,"1.3. Acciones y posiciones que se realizan con el cuerpo [ v. Nociones generales 3.2. , 3.5. ]",ejercicio
pcic-00917,A2,vocab,nociones_especificas,"1.3. Acciones y posiciones que se realizan con el cuerpo [ v. Nociones generales 3.2. , 3.5. ]",gimnasia
pcic-00918,A2,vocab,nociones_especificas,"1.3. Acciones y posiciones que se realizan con el cuerpo [ v. Nociones generales 3.2. , 3.5. ]",deporte
pcic-00919,A2,vocab,nociones_especificas,"1.4. Ciclo de la vida y reproducción [ v. Nociones generales 5.14. , Nociones específicas 3.1.6. , 4.3. ]",sexo
pcic-00920,A2,vocab,nociones_especificas,"1.4. Ciclo de la vida y reproducción [ v. Nociones generales 5.14. , Nociones específicas 3.1.6. , 4.3. ]",nacer
pcic-00921,A2,vocab,nociones_especificas,"1.4. Ciclo de la vida y reproducción [ v. Nociones generales 5.14. , Nociones específicas 3.1.6. , 4.3. ]",crecer
pcic-00922,A2,vocab,nociones_especificas,"1.4. Ciclo de la vida y reproducción [ v. Nociones generales 5.14. , Nociones específicas 3.1.6. , 4.3. ]",tener un hijo
pcic-00923,A2,vocab,nociones_especificas,"1.4. Ciclo de la vida y reproducción [ v. Nociones generales 5.14. , Nociones específicas 3.1.6. , 4.3. ]",morir
pcic-00924,A1,vocab,nociones_especificas,2.1. Carácter y personalidad [ v. Nociones específicas 2.6. ],simpático
pcic-00925,A1,vocab,nociones_especificas,2.1. Carácter y personalidad [ v. Nociones específicas 2.6. ],antipático
pcic-00926,A1,vocab,nociones_especificas,2.1. Carácter y personalidad [ v. Nociones específicas 2.6. ],inteligente
pcic-00927,A1,vocab,nociones_especificas,2.1. Carácter y personalidad [ v. Nociones específicas 2.6. ],trabajador
pcic-00928,A1,vocab,nociones_especificas,2.1. Carácter y personalidad [ v. Nociones específicas 2.6. ],alegre
pcic-00929,A1,vocab,nociones_especificas,2.1. Carácter y personalidad [ v. Nociones específicas 2.6. ],serio
pcic-00930,A1,vocab,nociones_especificas,2.1. Carácter y personalidad [ v. Nociones específicas 2.6. ],tímido
pcic-00931,A1,vocab,nociones_especificas,2.1. Carácter y personalidad [ v. Nociones específicas 2.6. ],sociable
pcic-00932,A2,vocab,nociones_especificas,2.1. Carácter y personalidad [ v. Nociones específicas 2.6. ],carácter
pcic-00933,A2,vocab,nociones_especificas,2.1. Carácter y personalidad [ v. Nociones específicas 2.6. ],optimista
pcic-00934,A2,vocab,nociones_especificas,2.1. Carácter y personalidad [ v. Nociones específicas 2.6. ],abierto
pcic-00935,A2,vocab,nociones_especificas,2.1. Carácter y personalidad [ v. Nociones específicas 2.6. ],reservado
pcic-00936,A2,vocab,nociones_especificas,2.1. Carácter y personalidad [ v. Nociones específicas 2.6. ],tranquilo
pcic-00937,A2,vocab,nociones_especificas,2.1. Carácter y personalidad [ v. Nociones específicas 2.6. ],nervioso
pcic-00938,A2,vocab,nociones_especificas,2.1. Carácter y personalidad [ v. Nociones específicas 2.6. ],generoso
pcic-00939,A2,vocab,nociones_especificas,2.1. Carácter y personalidad [ v. Nociones específicas 2.6. ],egoísta
pcic-00940,A2,vocab,nociones_especificas,2.1. Carácter y personalidad [ v. Nociones específicas 2.6. ],amable
pcic-00941,A2,vocab,nociones_especificas,2.1. Carácter y personalidad [ v. Nociones específicas 2.6. ],agradable
pcic-00942,A2,vocab,nociones_especificas,2.1. Carácter y personalidad [ v. Nociones específicas 2.6. ],tolerante
pcic-00943,A2,vocab,nociones_especificas,2.2. Sentimientos y estados de ánimo,triste
pcic-00944,A2,vocab,nociones_especificas,2.2. Sentimientos y estados de ánimo,contento
pcic-00945,A2,vocab,nociones_especificas,2.2. Sentimientos y estados de ánimo,enfadado
pcic-00946,A2,vocab,nociones_especificas,2.2. Sentimientos y estados de ánimo,preocupado
pcic-00947,A2,vocab,nociones_especificas,2.2. Sentimientos y estados de ánimo,gustar
pcic-00948,A2,vocab,nociones_especificas,2.2. Sentimientos y estados de ánimo,encantar
pcic-00949,A2,vocab,nociones_especificas,2.2. Sentimientos y estados de ánimo,odiar
pcic-00950,A2,vocab,nociones_especificas,2.2. Sentimientos y estados de ánimo,tener miedo
pcic-00951,A2,vocab,nociones_especificas,"2.3. Sensaciones y percepciones físicas [ v. Nociones generales 5.8. , 5.9. , 5.10. , 5.12. ]",calor
pcic-00952,A2,vocab,nociones_especificas,"2.3. Sensaciones y percepciones físicas [ v. Nociones generales 5.8. , 5.9. , 5.10. , 5.12. ]",frío
pcic-00953,A2,vocab,nociones_especificas,"2.3. Sensaciones y percepciones físicas [ v. Nociones generales 5.8. , 5.9. , 5.10. , 5.12. ]",sueño
pcic-00954,A2,vocab,nociones_especificas,"2.3. Sensaciones y percepciones físicas [ v. Nociones generales 5.8. , 5.9. , 5.10. , 5.12. ]",sed
pcic-00955,A2,vocab,nociones_especificas,"2.3. Sensaciones y percepciones físicas [ v. Nociones generales 5.8. , 5.9. , 5.10. , 5.12. ]",hambre
pcic-00956,A2,vocab,nociones_especificas,"2.3. Sensaciones y percepciones físicas [ v. Nociones generales 5.8. , 5.9. , 5.10. , 5.12. ]",dolor
pcic-00957,A2,vocab,nociones_especificas,"2.3. Sensaciones y percepciones físicas [ v. Nociones generales 5.8. , 5.9. , 5.10. , 5.12. ]",estar cansado
pcic-00958,A2,vocab,nociones_especificas,"2.3. Sensaciones y percepciones físicas [ v. Nociones generales 5.8. , 5.9. , 5.10. , 5.12. ]",la cabeza
pcic-00959,A2,vocab,nociones_especificas,"2.3. Sensaciones y percepciones físicas [ v. Nociones generales 5.8. , 5.9. , 5.10. , 5.12. ]",el cuello
pcic-00960,A2,vocab,nociones_especificas,"2.3. Sensaciones y percepciones físicas [ v. Nociones generales 5.8. , 5.9. , 5.10. , 5.12. ]",mirar
pcic-00961,A2,vocab,nociones_especificas,"2.3. Sensaciones y percepciones físicas [ v. Nociones generales 5.8. , 5.9. , 5.10. , 5.12. ]",escuchar
pcic-00962,A1,vocab,nociones_especificas,3.1. Datos personales,apellido
pcic-00963,A1,vocab,nociones_especificas,3.1. Datos personales,señor
pcic-00964,A1,vocab,nociones_especificas,3.1. Datos personales,señora
pcic-00965,A1,vocab,nociones_especificas,3.1. Datos personales,señores
pcic-00966,A1,vocab,nociones_especificas,3.1. Datos personales,firmar
pcic-00967,A1,vocab,nociones_especificas,3.1. Datos personales,llamarse
pcic-00968,A1,vocab,nociones_especificas,3.1. Datos personales,dirección
pcic-00969,A1,vocab,nociones_especificas,3.1. Datos personales,correo electrónico
pcic-00970,A1,vocab,nociones_especificas,3.1. Datos personales,calle
pcic-00971,A1,vocab,nociones_especificas,3.1. Datos personales,avenida
pcic-00972,A1,vocab,nociones_especificas,3.1. Datos personales,paseo
pcic-00973,A1,vocab,nociones_especificas,3.1. Datos personales,plaza
pcic-00974,A1,vocab,nociones_especificas,3.1. Datos personales,piso
pcic-00975,A1,vocab,nociones_especificas,3.1. Datos personales,número
pcic-00976,A1,vocab,nociones_especificas,3.1. Datos personales,código postal
pcic-00977,A1,vocab,nociones_especificas,3.1. Datos personales,casa
pcic-00978,A1,vocab,nociones_especificas,3.1. Datos personales,habitación
pcic-00979,A1,vocab,nociones_especificas,3.1. Datos personales,país
pcic-00980,A1,vocab,nociones_especificas,3.1. Datos personales,ciudad
pcic-00981,A1,vocab,nociones_especificas,3.1. Datos personales,pueblo
pcic-00982,A1,vocab,nociones_especificas,3.1. Datos personales,vivir
pcic-00983,A1,vocab,nociones_especificas,3.1. Datos personales,número de teléfono
pcic-00984,A1,vocab,nociones_especificas,3.1. Datos personales,móvil
pcic-00985,A1,vocab,nociones_especificas,3.1. Datos personales,lugar de nacimiento
pcic-00986,A1,vocab,nociones_especificas,3.1. Datos personales,fecha de nacimiento
pcic-00987,A1,vocab,nociones_especificas,3.1. Datos personales,nacionalidad
pcic-00988,A1,vocab,nociones_especificas,3.1. Datos personales,extranjero
pcic-00989,A1,vocab,nociones_especificas,3.1. Datos personales,español
pcic-00990,A1,vocab,nociones_especificas,3.1. Datos personales,alemán
pcic-00991,A1,vocab,nociones_especificas,3.1. Datos personales,mexicano
pcic-00992,A1,vocab,nociones_especificas,3.1. Datos personales,japonés
pcic-00993,A1,vocab,nociones_especificas,3.1. Datos personales,marroquí
pcic-00994,A1,vocab,nociones_especificas,3.1. Datos personales,de Laos
pcic-00995,A1,vocab,nociones_especificas,3.1. Datos personales,de Bali
pcic-00996,A1,vocab,nociones_especificas,3.1. Datos personales,de Mozambique
pcic-00997,A1,vocab,nociones_especificas,3.1. Datos personales,edad
pcic-00998,A1,vocab,nociones_especificas,3.1. Datos personales,niño
pcic-00999,A1,vocab,nociones_especificas,3.1. Datos personales,chico
pcic-01000,A1,vocab,nociones_especificas,3.1. Datos personales,joven
pcic-01001,A1,vocab,nociones_especificas,3.1. Datos personales,viejo
pcic-01002,A1,vocab,nociones_especificas,3.1. Datos personales,muchos
pcic-01003,A1,vocab,nociones_especificas,3.1. Datos personales,pocos ~ años
pcic-01004,A1,vocab,nociones_especificas,3.1. Datos personales,hombre
pcic-01005,A1,vocab,nociones_especificas,3.1. Datos personales,mujer
pcic-01006,A1,vocab,nociones_especificas,3.1. Datos personales,niña
pcic-01007,A1,vocab,nociones_especificas,3.1. Datos personales,chica
pcic-01008,A1,vocab,nociones_especificas,3.1. Datos personales,estado civil
pcic-01009,A1,vocab,nociones_especificas,3.1. Datos personales,soltero
pcic-01010,A1,vocab,nociones_especificas,3.1. Datos personales,casado
pcic-01011,A1,vocab,nociones_especificas,3.1. Datos personales,viudo
pcic-01012,A1,vocab,nociones_especificas,3.1. Datos personales,separado
pcic-01013,A1,vocab,nociones_especificas,3.1. Datos personales,divorciado
pcic-01014,A1,vocab,nociones_especificas,3.1. Datos personales,marido
pcic-01015,A2,vocab,nociones_especificas,3.1. Datos personales,apellidarse
pcic-01016,A2,vocab,nociones_especificas,3.1. Datos personales,presentar
pcic-01017,A2,vocab,nociones_especificas,3.1. Datos personales,dirección electrónica
pcic-01018,A2,vocab,nociones_especificas,3.1. Datos personales,prefijo
pcic-01019,A2,vocab,nociones_especificas,3.1. Datos personales,extensión
pcic-01020,A2,vocab,nociones_especificas,3.1. Datos personales,la nacionalidad
pcic-01021,A2,vocab,nociones_especificas,3.1. Datos personales,bebé
pcic-01022,A2,vocab,nociones_especificas,3.1. Datos personales,adolescente
pcic-01023,A2,vocab,nociones_especificas,3.1. Datos personales,persona mayor
pcic-01024,A2,vocab,nociones_especificas,3.1. Datos personales,casarse
pcic-01025,A2,vocab,nociones_especificas,3.1. Datos personales,separarse
pcic-01026,A2,vocab,nociones_especificas,3.1. Datos personales,divorciarse
pcic-01027,A1,vocab,nociones_especificas,3.2. Documentación,de identidad
pcic-01028,A1,vocab,nociones_especificas,3.2. Documentación,de conducir
pcic-01029,A2,vocab,nociones_especificas,3.2. Documentación,de estudiante
pcic-01030,A2,vocab,nociones_especificas,3.2. Documentación,de la biblioteca
pcic-01031,A1,vocab,nociones_especificas,3.3. Objetos personales,llaves
pcic-01032,A1,vocab,nociones_especificas,3.3. Objetos personales,cartera
pcic-01033,A1,vocab,nociones_especificas,3.3. Objetos personales,bolso
pcic-01034,A1,vocab,nociones_especificas,3.3. Objetos personales,maleta
pcic-01035,A1,vocab,nociones_especificas,3.3. Objetos personales,reloj
pcic-01036,A1,vocab,nociones_especificas,3.3. Objetos personales,ordenador
pcic-01037,A1,vocab,nociones_especificas,3.3. Objetos personales,tarjeta de crédito
pcic-01038,A2,vocab,nociones_especificas,3.3. Objetos personales,paraguas
pcic-01039,A2,vocab,nociones_especificas,3.3. Objetos personales,agenda
pcic-01040,A2,vocab,nociones_especificas,3.3. Objetos personales,tarjeta de visita
pcic-01041,A2,vocab,nociones_especificas,3.3. Objetos personales,maletín
pcic-01042,A1,vocab,nociones_especificas,4.1. Relaciones familiares [ v. Nociones específicas 3.1.8. ],familia
pcic-01043,A1,vocab,nociones_especificas,4.1. Relaciones familiares [ v. Nociones específicas 3.1.8. ],padres
pcic-01044,A1,vocab,nociones_especificas,4.1. Relaciones familiares [ v. Nociones específicas 3.1.8. ],padre
pcic-01045,A1,vocab,nociones_especificas,4.1. Relaciones familiares [ v. Nociones específicas 3.1.8. ],madre
pcic-01046,A1,vocab,nociones_especificas,4.1. Relaciones familiares [ v. Nociones específicas 3.1.8. ],hijo
pcic-01047,A1,vocab,nociones_especificas,4.1. Relaciones familiares [ v. Nociones específicas 3.1.8. ],hermano
pcic-01048,A1,vocab,nociones_especificas,4.1. Relaciones familiares [ v. Nociones específicas 3.1.8. ],tío
pcic-01049,A1,vocab,nociones_especificas,4.1. Relaciones familiares [ v. Nociones específicas 3.1.8. ],sobrino
pcic-01050,A1,vocab,nociones_especificas,4.1. Relaciones familiares [ v. Nociones específicas 3.1.8. ],abuelo
pcic-01051,A1,vocab,nociones_especificas,4.1. Relaciones familiares [ v. Nociones específicas 3.1.8. ],nieto
pcic-01052,A1,vocab,nociones_especificas,4.1. Relaciones familiares [ v. Nociones específicas 3.1.8. ],primo
pcic-01053,A1,vocab,nociones_especificas,4.1. Relaciones familiares [ v. Nociones específicas 3.1.8. ],pareja
pcic-01054,A1,vocab,nociones_especificas,4.1. Relaciones familiares [ v. Nociones específicas 3.1.8. ],novio
pcic-01055,A2,vocab,nociones_especificas,4.1. Relaciones familiares [ v. Nociones específicas 3.1.8. ],papá
pcic-01056,A2,vocab,nociones_especificas,4.1. Relaciones familiares [ v. Nociones específicas 3.1.8. ],mamá
pcic-01057,A2,vocab,nociones_especificas,4.1. Relaciones familiares [ v. Nociones específicas 3.1.8. ],hijo único
pcic-01058,A2,vocab,nociones_especificas,4.1. Relaciones familiares [ v. Nociones específicas 3.1.8. ],gemelos
pcic-01059,A2,vocab,nociones_especificas,4.1. Relaciones familiares [ v. Nociones específicas 3.1.8. ],ex marido
pcic-01060,A2,vocab,nociones_especificas,4.1. Relaciones familiares [ v. Nociones específicas 3.1.8. ],ex mujer
pcic-01061,A2,vocab,nociones_especificas,4.1. Relaciones familiares [ v. Nociones específicas 3.1.8. ],juntos
pcic-01062,A2,vocab,nociones_especificas,4.1. Relaciones familiares [ v. Nociones específicas 3.1.8. ],con la pareja
pcic-01063,A1,vocab,nociones_especificas,4.2. Relaciones sociales [ v. Saberes y comportamientos socioculturales 2. ],amigo
pcic-01064,A1,vocab,nociones_especificas,4.2. Relaciones sociales [ v. Saberes y comportamientos socioculturales 2. ],jefe
pcic-01065,A1,vocab,nociones_especificas,4.2. Relaciones sociales [ v. Saberes y comportamientos socioculturales 2. ],compañero
pcic-01066,A2,vocab,nociones_especificas,4.2. Relaciones sociales [ v. Saberes y comportamientos socioculturales 2. ],vecino
pcic-01067,A2,vocab,nociones_especificas,4.2. Relaciones sociales [ v. Saberes y comportamientos socioculturales 2. ],de clase
pcic-01068,A2,vocab,nociones_especificas,4.2. Relaciones sociales [ v. Saberes y comportamientos socioculturales 2. ],de trabajo
pcic-01069,A2,vocab,nociones_especificas,4.2. Relaciones sociales [ v. Saberes y comportamientos socioculturales 2. ],de piso
pcic-01070,A2,vocab,nociones_especificas,4.2. Relaciones sociales [ v. Saberes y comportamientos socioculturales 2. ],reunión
pcic-01071,A2,vocab,nociones_especificas,4.2. Relaciones sociales [ v. Saberes y comportamientos socioculturales 2. ],cita
pcic-01072,A2,vocab,nociones_especificas,4.2. Relaciones sociales [ v. Saberes y comportamientos socioculturales 2. ],visitar
pcic-01073,A2,vocab,nociones_especificas,4.2. Relaciones sociales [ v. Saberes y comportamientos socioculturales 2. ],invitar
pcic-01074,A1,vocab,nociones_especificas,"4.3. Celebraciones y actos familiares, sociales y religiosos [ v. Saberes y comportamientos socioculturales 3.5. , Nociones específicas 3.1.8. ]",fiesta
pcic-01075,A2,vocab,nociones_especificas,"4.3. Celebraciones y actos familiares, sociales y religiosos [ v. Saberes y comportamientos socioculturales 3.5. , Nociones específicas 3.1.8. ]",de cumpleaños
pcic-01076,A2,vocab,nociones_especificas,"4.3. Celebraciones y actos familiares, sociales y religiosos [ v. Saberes y comportamientos socioculturales 3.5. , Nociones específicas 3.1.8. ]",de fin de curso
pcic-01077,A2,vocab,nociones_especificas,"4.3. Celebraciones y actos familiares, sociales y religiosos [ v. Saberes y comportamientos socioculturales 3.5. , Nociones específicas 3.1.8. ]",regalo
pcic-01078,A2,vocab,nociones_especificas,"4.3. Celebraciones y actos familiares, sociales y religiosos [ v. Saberes y comportamientos socioculturales 3.5. , Nociones específicas 3.1.8. ]",regalar
pcic-01079,A1,vocab,nociones_especificas,5.1. Dieta y nutrición [ v. Nociones generales 5.10 .],desayuno
pcic-01080,A1,vocab,nociones_especificas,5.1. Dieta y nutrición [ v. Nociones generales 5.10 .],comida
pcic-01081,A1,vocab,nociones_especificas,5.1. Dieta y nutrición [ v. Nociones generales 5.10 .],merienda
pcic-01082,A1,vocab,nociones_especificas,5.1. Dieta y nutrición [ v. Nociones generales 5.10 .],cena
pcic-01083,A1,vocab,nociones_especificas,5.1. Dieta y nutrición [ v. Nociones generales 5.10 .],desayunar
pcic-01084,A1,vocab,nociones_especificas,5.1. Dieta y nutrición [ v. Nociones generales 5.10 .],comer
pcic-01085,A1,vocab,nociones_especificas,5.1. Dieta y nutrición [ v. Nociones generales 5.10 .],merendar
pcic-01086,A1,vocab,nociones_especificas,5.1. Dieta y nutrición [ v. Nociones generales 5.10 .],cenar
pcic-01087,A2,vocab,nociones_especificas,5.1. Dieta y nutrición [ v. Nociones generales 5.10 .],tener hambre
pcic-01088,A2,vocab,nociones_especificas,5.1. Dieta y nutrición [ v. Nociones generales 5.10 .],ser vegetariano
pcic-01089,A1,vocab,nociones_especificas,5.2. Bebida [ v. Nociones generales 5.10. ],con gas
pcic-01090,A1,vocab,nociones_especificas,5.2. Bebida [ v. Nociones generales 5.10. ],sin gas
pcic-01091,A1,vocab,nociones_especificas,5.2. Bebida [ v. Nociones generales 5.10. ],solo
pcic-01092,A1,vocab,nociones_especificas,5.2. Bebida [ v. Nociones generales 5.10. ],con leche
pcic-01093,A1,vocab,nociones_especificas,5.2. Bebida [ v. Nociones generales 5.10. ],cortado
pcic-01094,A1,vocab,nociones_especificas,5.2. Bebida [ v. Nociones generales 5.10. ],tinto
pcic-01095,A1,vocab,nociones_especificas,5.2. Bebida [ v. Nociones generales 5.10. ],beber
pcic-01096,A2,vocab,nociones_especificas,5.2. Bebida [ v. Nociones generales 5.10. ],con
pcic-01097,A2,vocab,nociones_especificas,5.2. Bebida [ v. Nociones generales 5.10. ],sin ~ alcohol
pcic-01098,A2,vocab,nociones_especificas,5.2. Bebida [ v. Nociones generales 5.10. ],hielo
pcic-01099,A2,vocab,nociones_especificas,5.2. Bebida [ v. Nociones generales 5.10. ],de naranja
pcic-01100,A2,vocab,nociones_especificas,5.2. Bebida [ v. Nociones generales 5.10. ],de tomate
pcic-01101,A2,vocab,nociones_especificas,5.2. Bebida [ v. Nociones generales 5.10. ],de frutas
pcic-01102,A2,vocab,nociones_especificas,5.2. Bebida [ v. Nociones generales 5.10. ],infusión
pcic-01103,A2,vocab,nociones_especificas,5.2. Bebida [ v. Nociones generales 5.10. ],ron
pcic-01104,A2,vocab,nociones_especificas,5.2. Bebida [ v. Nociones generales 5.10. ],ginebra
pcic-01105,A2,vocab,nociones_especificas,5.2. Bebida [ v. Nociones generales 5.10. ],cava
pcic-01106,A2,vocab,nociones_especificas,5.2. Bebida [ v. Nociones generales 5.10. ],champán
pcic-01107,A2,vocab,nociones_especificas,5.2. Bebida [ v. Nociones generales 5.10. ],botella
pcic-01108,A2,vocab,nociones_especificas,5.2. Bebida [ v. Nociones generales 5.10. ],lata
pcic-01109,A2,vocab,nociones_especificas,5.2. Bebida [ v. Nociones generales 5.10. ],tener sed
pcic-01110,A2,vocab,nociones_especificas,5.2. Bebida [ v. Nociones generales 5.10. ],tomar algo
pcic-01111,A1,vocab,nociones_especificas,5.3. Alimentos [ v. Nociones generales 5.10. ],carne
pcic-01112,A1,vocab,nociones_especificas,5.3. Alimentos [ v. Nociones generales 5.10. ],pescado
pcic-01113,A1,vocab,nociones_especificas,5.3. Alimentos [ v. Nociones generales 5.10. ],fruta
pcic-01114,A1,vocab,nociones_especificas,5.3. Alimentos [ v. Nociones generales 5.10. ],verdura
pcic-01115,A1,vocab,nociones_especificas,5.3. Alimentos [ v. Nociones generales 5.10. ],leche
pcic-01116,A1,vocab,nociones_especificas,5.3. Alimentos [ v. Nociones generales 5.10. ],huevos
pcic-01117,A1,vocab,nociones_especificas,5.3. Alimentos [ v. Nociones generales 5.10. ],pan
pcic-01118,A1,vocab,nociones_especificas,5.3. Alimentos [ v. Nociones generales 5.10. ],bocadillo
pcic-01119,A1,vocab,nociones_especificas,5.3. Alimentos [ v. Nociones generales 5.10. ],sándwich
pcic-01120,A1,vocab,nociones_especificas,5.3. Alimentos [ v. Nociones generales 5.10. ],hamburguesa
pcic-01121,A2,vocab,nociones_especificas,5.3. Alimentos [ v. Nociones generales 5.10. ],lechuga
pcic-01122,A2,vocab,nociones_especificas,5.3. Alimentos [ v. Nociones generales 5.10. ],tomate
pcic-01123,A2,vocab,nociones_especificas,5.3. Alimentos [ v. Nociones generales 5.10. ],zanahoria
pcic-01124,A2,vocab,nociones_especificas,5.3. Alimentos [ v. Nociones generales 5.10. ],plátano
pcic-01125,A2,vocab,nociones_especificas,5.3. Alimentos [ v. Nociones generales 5.10. ],manzana
pcic-01126,A2,vocab,nociones_especificas,5.3. Alimentos [ v. Nociones generales 5.10. ],naranja
pcic-01127,A2,vocab,nociones_especificas,5.3. Alimentos [ v. Nociones generales 5.10. ],patata
pcic-01128,A2,vocab,nociones_especificas,5.3. Alimentos [ v. Nociones generales 5.10. ],ajo
pcic-01129,A2,vocab,nociones_especificas,5.3. Alimentos [ v. Nociones generales 5.10. ],cebolla
pcic-01130,A2,vocab,nociones_especificas,5.3. Alimentos [ v. Nociones generales 5.10. ],perejil
pcic-01131,A2,vocab,nociones_especificas,5.3. Alimentos [ v. Nociones generales 5.10. ],queso
pcic-01132,A2,vocab,nociones_especificas,5.3. Alimentos [ v. Nociones generales 5.10. ],yogur
pcic-01133,A2,vocab,nociones_especificas,5.3. Alimentos [ v. Nociones generales 5.10. ],mantequilla
pcic-01134,A2,vocab,nociones_especificas,5.3. Alimentos [ v. Nociones generales 5.10. ],mayonesa
pcic-01135,A2,vocab,nociones_especificas,5.3. Alimentos [ v. Nociones generales 5.10. ],salsa
pcic-01136,A2,vocab,nociones_especificas,5.3. Alimentos [ v. Nociones generales 5.10. ],merluza
pcic-01137,A2,vocab,nociones_especificas,5.3. Alimentos [ v. Nociones generales 5.10. ],salmón
pcic-01138,A2,vocab,nociones_especificas,5.3. Alimentos [ v. Nociones generales 5.10. ],sardina
pcic-01139,A2,vocab,nociones_especificas,5.3. Alimentos [ v. Nociones generales 5.10. ],atún
pcic-01140,A2,vocab,nociones_especificas,5.3. Alimentos [ v. Nociones generales 5.10. ],gambas
pcic-01141,A2,vocab,nociones_especificas,5.3. Alimentos [ v. Nociones generales 5.10. ],pasta
pcic-01142,A2,vocab,nociones_especificas,5.3. Alimentos [ v. Nociones generales 5.10. ],arroz
pcic-01143,A2,vocab,nociones_especificas,5.3. Alimentos [ v. Nociones generales 5.10. ],chocolate
pcic-01144,A2,vocab,nociones_especificas,5.3. Alimentos [ v. Nociones generales 5.10. ],galletas
pcic-01145,A2,vocab,nociones_especificas,5.3. Alimentos [ v. Nociones generales 5.10. ],cereales
pcic-01146,A2,vocab,nociones_especificas,5.3. Alimentos [ v. Nociones generales 5.10. ],azúcar
pcic-01147,A2,vocab,nociones_especificas,5.3. Alimentos [ v. Nociones generales 5.10. ],sal
pcic-01148,A2,vocab,nociones_especificas,5.3. Alimentos [ v. Nociones generales 5.10. ],pimienta
pcic-01149,A2,vocab,nociones_especificas,5.3. Alimentos [ v. Nociones generales 5.10. ],aceite
pcic-01150,A2,vocab,nociones_especificas,5.3. Alimentos [ v. Nociones generales 5.10. ],ternera
pcic-01151,A2,vocab,nociones_especificas,5.3. Alimentos [ v. Nociones generales 5.10. ],cerdo
pcic-01152,A2,vocab,nociones_especificas,5.3. Alimentos [ v. Nociones generales 5.10. ],cordero
pcic-01153,A2,vocab,nociones_especificas,5.3. Alimentos [ v. Nociones generales 5.10. ],pollo
pcic-01154,A2,vocab,nociones_especificas,5.3. Alimentos [ v. Nociones generales 5.10. ],filete
pcic-01155,A2,vocab,nociones_especificas,5.3. Alimentos [ v. Nociones generales 5.10. ],serrano
pcic-01156,A2,vocab,nociones_especificas,5.3. Alimentos [ v. Nociones generales 5.10. ],York
pcic-01157,A2,vocab,nociones_especificas,5.3. Alimentos [ v. Nociones generales 5.10. ],fresa
pcic-01158,A2,vocab,nociones_especificas,5.3. Alimentos [ v. Nociones generales 5.10. ],vainilla
pcic-01159,A2,vocab,nociones_especificas,5.3. Alimentos [ v. Nociones generales 5.10. ],crema
pcic-01160,A2,vocab,nociones_especificas,5.4. Recetas,receta
pcic-01161,A2,vocab,nociones_especificas,5.4. Recetas,ingrediente
pcic-01162,A2,vocab,nociones_especificas,5.4. Recetas,cocinar
pcic-01163,A1,vocab,nociones_especificas,5.5. Platos [ v. Nociones generales 5.10. ],plato
pcic-01164,A1,vocab,nociones_especificas,5.5. Platos [ v. Nociones generales 5.10. ],postre
pcic-01165,A1,vocab,nociones_especificas,5.5. Platos [ v. Nociones generales 5.10. ],sopa
pcic-01166,A1,vocab,nociones_especificas,5.5. Platos [ v. Nociones generales 5.10. ],ensalada
pcic-01167,A1,vocab,nociones_especificas,5.5. Platos [ v. Nociones generales 5.10. ],paella
pcic-01168,A1,vocab,nociones_especificas,5.5. Platos [ v. Nociones generales 5.10. ],tortilla
pcic-01169,A2,vocab,nociones_especificas,5.5. Platos [ v. Nociones generales 5.10. ],con patatas
pcic-01170,A2,vocab,nociones_especificas,5.5. Platos [ v. Nociones generales 5.10. ],plato combinado
pcic-01171,A2,vocab,nociones_especificas,5.5. Platos [ v. Nociones generales 5.10. ],tapa
pcic-01172,A2,vocab,nociones_especificas,5.5. Platos [ v. Nociones generales 5.10. ],aperitivo
pcic-01173,A2,vocab,nociones_especificas,5.5. Platos [ v. Nociones generales 5.10. ],bueno
pcic-01174,A2,vocab,nociones_especificas,5.5. Platos [ v. Nociones generales 5.10. ],rico
pcic-01175,A2,vocab,nociones_especificas,5.6. Utensilios de cocina y mesa,plato
pcic-01176,A2,vocab,nociones_especificas,5.6. Utensilios de cocina y mesa,vaso
pcic-01177,A2,vocab,nociones_especificas,5.6. Utensilios de cocina y mesa,taza
pcic-01178,A2,vocab,nociones_especificas,5.6. Utensilios de cocina y mesa,servilleta
pcic-01179,A1,vocab,nociones_especificas,5.7. Restaurante,bar
pcic-01180,A1,vocab,nociones_especificas,5.7. Restaurante,restaurante
pcic-01181,A1,vocab,nociones_especificas,5.7. Restaurante,camarero
pcic-01182,A1,vocab,nociones_especificas,5.7. Restaurante,mesa
pcic-01183,A1,vocab,nociones_especificas,5.7. Restaurante,el menú
pcic-01184,A1,vocab,nociones_especificas,5.7. Restaurante,la cuenta
pcic-01185,A2,vocab,nociones_especificas,5.7. Restaurante,chino
pcic-01186,A2,vocab,nociones_especificas,5.7. Restaurante,italiano
pcic-01187,A2,vocab,nociones_especificas,5.7. Restaurante,mexicano
pcic-01188,A2,vocab,nociones_especificas,5.7. Restaurante,vegetariano
pcic-01189,A2,vocab,nociones_especificas,5.7. Restaurante,china
pcic-01190,A2,vocab,nociones_especificas,5.7. Restaurante,japonesa
pcic-01191,A2,vocab,nociones_especificas,5.7. Restaurante,rápida
pcic-01192,A2,vocab,nociones_especificas,5.7. Restaurante,cocinero
pcic-01193,A2,vocab,nociones_especificas,5.7. Restaurante,chef
pcic-01194,A2,vocab,nociones_especificas,5.7. Restaurante,reservar una mesa
pcic-01195,A2,vocab,nociones_especificas,5.7. Restaurante,algo
pcic-01196,A2,vocab,nociones_especificas,5.7. Restaurante,el menú
pcic-01197,A2,vocab,nociones_especificas,5.7. Restaurante,una sopa
pcic-01198,A2,vocab,nociones_especificas,5.7. Restaurante,el plato del día
pcic-01199,A2,vocab,nociones_especificas,5.7. Restaurante,la carta
pcic-01200,A2,vocab,nociones_especificas,5.7. Restaurante,la cuenta
pcic-01201,A1,vocab,nociones_especificas,"6.1. Centros e instituciones educativas [ v. Saberes y comportamientos socioculturales 1.5.1. , Referentes culturales 1.7. ]",instituto
pcic-01202,A1,vocab,nociones_especificas,"6.1. Centros e instituciones educativas [ v. Saberes y comportamientos socioculturales 1.5.1. , Referentes culturales 1.7. ]",universidad
pcic-01203,A1,vocab,nociones_especificas,"6.1. Centros e instituciones educativas [ v. Saberes y comportamientos socioculturales 1.5.1. , Referentes culturales 1.7. ]",clase
pcic-01204,A1,vocab,nociones_especificas,"6.1. Centros e instituciones educativas [ v. Saberes y comportamientos socioculturales 1.5.1. , Referentes culturales 1.7. ]",biblioteca
pcic-01205,A2,vocab,nociones_especificas,"6.1. Centros e instituciones educativas [ v. Saberes y comportamientos socioculturales 1.5.1. , Referentes culturales 1.7. ]",de idiomas
pcic-01206,A2,vocab,nociones_especificas,"6.1. Centros e instituciones educativas [ v. Saberes y comportamientos socioculturales 1.5.1. , Referentes culturales 1.7. ]",de ballet
pcic-01207,A2,vocab,nociones_especificas,"6.1. Centros e instituciones educativas [ v. Saberes y comportamientos socioculturales 1.5.1. , Referentes culturales 1.7. ]",de música
pcic-01208,A2,vocab,nociones_especificas,"6.1. Centros e instituciones educativas [ v. Saberes y comportamientos socioculturales 1.5.1. , Referentes culturales 1.7. ]",municipal
pcic-01209,A2,vocab,nociones_especificas,"6.1. Centros e instituciones educativas [ v. Saberes y comportamientos socioculturales 1.5.1. , Referentes culturales 1.7. ]",pública
pcic-01210,A2,vocab,nociones_especificas,"6.1. Centros e instituciones educativas [ v. Saberes y comportamientos socioculturales 1.5.1. , Referentes culturales 1.7. ]",aula
pcic-01211,A1,vocab,nociones_especificas,6.2. Profesorado y alumnado [ v. Referentes culturales 1.7. ],profesor
pcic-01212,A1,vocab,nociones_especificas,6.2. Profesorado y alumnado [ v. Referentes culturales 1.7. ],estudiante
pcic-01213,A1,vocab,nociones_especificas,6.2. Profesorado y alumnado [ v. Referentes culturales 1.7. ],director
pcic-01214,A2,vocab,nociones_especificas,6.2. Profesorado y alumnado [ v. Referentes culturales 1.7. ],de la escuela
pcic-01215,A2,vocab,nociones_especificas,6.2. Profesorado y alumnado [ v. Referentes culturales 1.7. ],del instituto
pcic-01216,A1,vocab,nociones_especificas,"6.3. Sistema educativo [ v. Saberes y comportamientos socioculturales 1.5.1. , Referentes culturales 1.7. ]",de español
pcic-01217,A1,vocab,nociones_especificas,"6.3. Sistema educativo [ v. Saberes y comportamientos socioculturales 1.5.1. , Referentes culturales 1.7. ]",de matemáticas
pcic-01218,A1,vocab,nociones_especificas,"6.3. Sistema educativo [ v. Saberes y comportamientos socioculturales 1.5.1. , Referentes culturales 1.7. ]",de historia
pcic-01219,A1,vocab,nociones_especificas,"6.3. Sistema educativo [ v. Saberes y comportamientos socioculturales 1.5.1. , Referentes culturales 1.7. ]",horario
pcic-01220,A1,vocab,nociones_especificas,"6.3. Sistema educativo [ v. Saberes y comportamientos socioculturales 1.5.1. , Referentes culturales 1.7. ]",examen
pcic-01221,A2,vocab,nociones_especificas,"6.3. Sistema educativo [ v. Saberes y comportamientos socioculturales 1.5.1. , Referentes culturales 1.7. ]",programa
pcic-01222,A2,vocab,nociones_especificas,"6.3. Sistema educativo [ v. Saberes y comportamientos socioculturales 1.5.1. , Referentes culturales 1.7. ]",pagar la matrícula
pcic-01223,A2,vocab,nociones_especificas,"6.3. Sistema educativo [ v. Saberes y comportamientos socioculturales 1.5.1. , Referentes culturales 1.7. ]",hacer un curso
pcic-01224,A1,vocab,nociones_especificas,"6.4. Aprendizaje y enseñanza [ v. Saberes y comportamientos socioculturales 1.5. , Referentes culturales 1.7. ]",aprender
pcic-01225,A1,vocab,nociones_especificas,"6.4. Aprendizaje y enseñanza [ v. Saberes y comportamientos socioculturales 1.5. , Referentes culturales 1.7. ]",estudiar
pcic-01226,A1,vocab,nociones_especificas,"6.4. Aprendizaje y enseñanza [ v. Saberes y comportamientos socioculturales 1.5. , Referentes culturales 1.7. ]",ir a clase
pcic-01227,A2,vocab,nociones_especificas,"6.4. Aprendizaje y enseñanza [ v. Saberes y comportamientos socioculturales 1.5. , Referentes culturales 1.7. ]",dar clases
pcic-01228,A1,vocab,nociones_especificas,"6.5. Exámenes y calificaciones [ v. Saberes y comportamientos socioculturales 1.5.1. , Referentes culturales 1.7. ]",un examen
pcic-01229,A2,vocab,nociones_especificas,"6.5. Exámenes y calificaciones [ v. Saberes y comportamientos socioculturales 1.5.1. , Referentes culturales 1.7. ]",diploma
pcic-01230,A2,vocab,nociones_especificas,"6.5. Exámenes y calificaciones [ v. Saberes y comportamientos socioculturales 1.5.1. , Referentes culturales 1.7. ]",certificado
pcic-01231,A2,vocab,nociones_especificas,"6.5. Exámenes y calificaciones [ v. Saberes y comportamientos socioculturales 1.5.1. , Referentes culturales 1.7. ]",aprobar
pcic-01232,A2,vocab,nociones_especificas,"6.5. Exámenes y calificaciones [ v. Saberes y comportamientos socioculturales 1.5.1. , Referentes culturales 1.7. ]",suspender
pcic-01233,A2,vocab,nociones_especificas,"6.6. Estudios y titulaciones [ v. Saberes y comportamientos socioculturales 1.5.1. , Referentes culturales 1.7 .]",Matemáticas
pcic-01234,A2,vocab,nociones_especificas,"6.6. Estudios y titulaciones [ v. Saberes y comportamientos socioculturales 1.5.1. , Referentes culturales 1.7 .]",Historia
pcic-01235,A2,vocab,nociones_especificas,"6.6. Estudios y titulaciones [ v. Saberes y comportamientos socioculturales 1.5.1. , Referentes culturales 1.7 .]",Medicina
pcic-01236,A2,vocab,nociones_especificas,"6.6. Estudios y titulaciones [ v. Saberes y comportamientos socioculturales 1.5.1. , Referentes culturales 1.7 .]",Derecho
pcic-01237,A1,vocab,nociones_especificas,6.7. Lenguaje de aula,ejercicio
pcic-01238,A1,vocab,nociones_especificas,6.7. Lenguaje de aula,actividad
pcic-01239,A1,vocab,nociones_especificas,6.7. Lenguaje de aula,lección
pcic-01240,A1,vocab,nociones_especificas,6.7. Lenguaje de aula,unidad
pcic-01241,A1,vocab,nociones_especificas,6.7. Lenguaje de aula,página
pcic-01242,A1,vocab,nociones_especificas,6.7. Lenguaje de aula,pregunta
pcic-01243,A1,vocab,nociones_especificas,6.7. Lenguaje de aula,en parejas
pcic-01244,A1,vocab,nociones_especificas,6.7. Lenguaje de aula,en grupos
pcic-01245,A1,vocab,nociones_especificas,6.7. Lenguaje de aula,hablar
pcic-01246,A1,vocab,nociones_especificas,6.7. Lenguaje de aula,leer
pcic-01247,A1,vocab,nociones_especificas,6.7. Lenguaje de aula,escribir
pcic-01248,A1,vocab,nociones_especificas,6.7. Lenguaje de aula,entender
pcic-01249,A1,vocab,nociones_especificas,6.7. Lenguaje de aula,comprender
pcic-01250,A1,vocab,nociones_especificas,6.7. Lenguaje de aula,saber
pcic-01251,A1,vocab,nociones_especificas,6.7. Lenguaje de aula,repetir
pcic-01252,A1,vocab,nociones_especificas,6.7. Lenguaje de aula,practicar
pcic-01253,A1,vocab,nociones_especificas,6.7. Lenguaje de aula,los deberes
pcic-01254,A1,vocab,nociones_especificas,6.7. Lenguaje de aula,un ejercicio
pcic-01255,A1,vocab,nociones_especificas,6.7. Lenguaje de aula,una actividad
pcic-01256,A2,vocab,nociones_especificas,6.7. Lenguaje de aula,preguntar
pcic-01257,A2,vocab,nociones_especificas,6.7. Lenguaje de aula,contestar
pcic-01258,A2,vocab,nociones_especificas,6.7. Lenguaje de aula,completar
pcic-01259,A2,vocab,nociones_especificas,6.7. Lenguaje de aula,dibujar
pcic-01260,A2,vocab,nociones_especificas,6.7. Lenguaje de aula,jugar
pcic-01261,A2,vocab,nociones_especificas,6.7. Lenguaje de aula,adivinar
pcic-01262,A2,vocab,nociones_especificas,6.7. Lenguaje de aula,una redacción
pcic-01263,A2,vocab,nociones_especificas,6.7. Lenguaje de aula,un dibujo
pcic-01264,A2,vocab,nociones_especificas,6.7. Lenguaje de aula,una regla
pcic-01265,A2,vocab,nociones_especificas,6.7. Lenguaje de aula,una fórmula
pcic-01266,A2,vocab,nociones_especificas,6.7. Lenguaje de aula,un ejercicio
pcic-01267,A2,vocab,nociones_especificas,6.7. Lenguaje de aula,una unidad
pcic-01268,A2,vocab,nociones_especificas,6.7. Lenguaje de aula,una lección
pcic-01269,A2,vocab,nociones_especificas,6.7. Lenguaje de aula,cometer un error
pcic-01270,A2,vocab,nociones_especificas,6.7. Lenguaje de aula,hacer errores
pcic-01271,A2,vocab,nociones_especificas,6.7. Lenguaje de aula,buena
pcic-01272,A2,vocab,nociones_especificas,6.7. Lenguaje de aula,mala ~ letra
pcic-01273,A1,vocab,nociones_especificas,6.8. Material educativo y mobiliario de aula,Internet
pcic-01274,A1,vocab,nociones_especificas,6.8. Material educativo y mobiliario de aula,libro
pcic-01275,A1,vocab,nociones_especificas,6.8. Material educativo y mobiliario de aula,diccionario
pcic-01276,A1,vocab,nociones_especificas,6.8. Material educativo y mobiliario de aula,papel
pcic-01277,A1,vocab,nociones_especificas,6.8. Material educativo y mobiliario de aula,bolígrafo
pcic-01278,A1,vocab,nociones_especificas,6.8. Material educativo y mobiliario de aula,lápiz
pcic-01279,A1,vocab,nociones_especificas,6.8. Material educativo y mobiliario de aula,goma
pcic-01280,A1,vocab,nociones_especificas,6.8. Material educativo y mobiliario de aula,fotocopia
pcic-01281,A1,vocab,nociones_especificas,6.8. Material educativo y mobiliario de aula,silla
pcic-01282,A1,vocab,nociones_especificas,6.8. Material educativo y mobiliario de aula,armario
pcic-01283,A1,vocab,nociones_especificas,6.8. Material educativo y mobiliario de aula,estantería
pcic-01284,A1,vocab,nociones_especificas,6.8. Material educativo y mobiliario de aula,pizarra
pcic-01285,A1,vocab,nociones_especificas,6.8. Material educativo y mobiliario de aula,mapa
pcic-01286,A2,vocab,nociones_especificas,6.8. Material educativo y mobiliario de aula,cuaderno
pcic-01287,A2,vocab,nociones_especificas,6.8. Material educativo y mobiliario de aula,hoja
pcic-01288,A2,vocab,nociones_especificas,6.8. Material educativo y mobiliario de aula,regla
pcic-01289,A2,vocab,nociones_especificas,6.8. Material educativo y mobiliario de aula,impresora
pcic-01290,A2,vocab,nociones_especificas,6.8. Material educativo y mobiliario de aula,fotocopiadora
pcic-01291,A1,vocab,nociones_especificas,7.1. Profesiones y cargos,abogado
pcic-01292,A1,vocab,nociones_especificas,7.1. Profesiones y cargos,médico
pcic-01293,A1,vocab,nociones_especificas,7.1. Profesiones y cargos,taxista
pcic-01294,A1,vocab,nociones_especificas,7.1. Profesiones y cargos,ama de casa
pcic-01295,A1,vocab,nociones_especificas,7.1. Profesiones y cargos,ingeniero
pcic-01296,A1,vocab,nociones_especificas,7.1. Profesiones y cargos,trabajar
pcic-01297,A1,vocab,nociones_especificas,7.1. Profesiones y cargos,dedicarse a
pcic-01298,A2,vocab,nociones_especificas,7.1. Profesiones y cargos,dependiente
pcic-01299,A2,vocab,nociones_especificas,7.1. Profesiones y cargos,funcionario
pcic-01300,A2,vocab,nociones_especificas,7.1. Profesiones y cargos,comercial
pcic-01301,A2,vocab,nociones_especificas,7.1. Profesiones y cargos,empresario
pcic-01302,A2,vocab,nociones_especificas,7.1. Profesiones y cargos,de canguro
pcic-01303,A2,vocab,nociones_especificas,7.1. Profesiones y cargos,una tienda
pcic-01304,A2,vocab,nociones_especificas,7.1. Profesiones y cargos,un negocio
pcic-01305,A2,vocab,nociones_especificas,7.1. Profesiones y cargos,una peluquería
pcic-01306,A2,vocab,nociones_especificas,7.1. Profesiones y cargos,tener un trabajo en un banco
pcic-01307,A1,vocab,nociones_especificas,"7.2. Lugares, herramientas y ropa de trabajo",empresa
pcic-01308,A1,vocab,nociones_especificas,"7.2. Lugares, herramientas y ropa de trabajo",oficina
pcic-01309,A1,vocab,nociones_especificas,"7.2. Lugares, herramientas y ropa de trabajo",tienda
pcic-01310,A1,vocab,nociones_especificas,"7.2. Lugares, herramientas y ropa de trabajo",teléfono
pcic-01311,A1,vocab,nociones_especificas,"7.2. Lugares, herramientas y ropa de trabajo",fax
pcic-01312,A2,vocab,nociones_especificas,"7.2. Lugares, herramientas y ropa de trabajo",despacho
pcic-01313,A2,vocab,nociones_especificas,"7.2. Lugares, herramientas y ropa de trabajo",negocio
pcic-01314,A2,vocab,nociones_especificas,"7.2. Lugares, herramientas y ropa de trabajo",fábrica
pcic-01315,A2,vocab,nociones_especificas,"7.2. Lugares, herramientas y ropa de trabajo",multinacional
pcic-01316,A2,vocab,nociones_especificas,"7.2. Lugares, herramientas y ropa de trabajo",panadería
pcic-01317,A2,vocab,nociones_especificas,"7.2. Lugares, herramientas y ropa de trabajo",librería
pcic-01318,A2,vocab,nociones_especificas,"7.2. Lugares, herramientas y ropa de trabajo",Herramientas de un auxiliar administrativo
pcic-01319,A2,vocab,nociones_especificas,"7.2. Lugares, herramientas y ropa de trabajo",mesa de despacho
pcic-01320,A2,vocab,nociones_especificas,"7.2. Lugares, herramientas y ropa de trabajo",impresora Ropa de trabajo
pcic-01321,A2,vocab,nociones_especificas,"7.2. Lugares, herramientas y ropa de trabajo",traje
pcic-01322,A2,vocab,nociones_especificas,"7.2. Lugares, herramientas y ropa de trabajo",corbata
pcic-01323,A2,vocab,nociones_especificas,"7.2. Lugares, herramientas y ropa de trabajo",uniforme
pcic-01324,A1,vocab,nociones_especificas,7.3. Actividad laboral,trabajo
pcic-01325,A1,vocab,nociones_especificas,7.3. Actividad laboral,profesión
pcic-01326,A1,vocab,nociones_especificas,7.3. Actividad laboral,comprar
pcic-01327,A1,vocab,nociones_especificas,7.3. Actividad laboral,vender
pcic-01328,A2,vocab,nociones_especificas,7.3. Actividad laboral,cliente
pcic-01329,A2,vocab,nociones_especificas,7.3. Actividad laboral,comprar un producto
pcic-01330,A2,vocab,nociones_especificas,7.3. Actividad laboral,tener una reunión
pcic-01331,A2,vocab,nociones_especificas,7.3. Actividad laboral,hacer fotocopias
pcic-01332,A2,vocab,nociones_especificas,7.3. Actividad laboral,preparar una factura
pcic-01333,A2,vocab,nociones_especificas,7.3. Actividad laboral,contestar al teléfono
pcic-01334,A2,vocab,nociones_especificas,7.3. Actividad laboral,con clientes
pcic-01335,A2,vocab,nociones_especificas,7.3. Actividad laboral,con el jefe
pcic-01336,A2,vocab,nociones_especificas,7.3. Actividad laboral,un fax
pcic-01337,A2,vocab,nociones_especificas,7.3. Actividad laboral,un correo electrónico
pcic-01338,A1,vocab,nociones_especificas,7.4. Desempleo y búsqueda de trabajo,estar en paro
pcic-01339,A1,vocab,nociones_especificas,7.4. Desempleo y búsqueda de trabajo,tener trabajo
pcic-01340,A2,vocab,nociones_especificas,7.4. Desempleo y búsqueda de trabajo,tener una entrevista
pcic-01341,A2,vocab,nociones_especificas,7.4. Desempleo y búsqueda de trabajo,el currículum
pcic-01342,A1,vocab,nociones_especificas,7.5. Derechos y obligaciones laborales,vacaciones
pcic-01343,A1,vocab,nociones_especificas,7.5. Derechos y obligaciones laborales,tener vacaciones
pcic-01344,A2,vocab,nociones_especificas,7.5. Derechos y obligaciones laborales,ganar dinero
pcic-01345,A2,vocab,nociones_especificas,7.5. Derechos y obligaciones laborales,estar jubilado
pcic-01346,A1,vocab,nociones_especificas,"7.6. Características de un trabajador [ v. Nociones específicas 2.1. , 2.6. ]",ser trabajador
pcic-01347,A1,vocab,nociones_especificas,"8.1. Tiempo libre y entretenimiento [ v. Nociones específicas 9.5. , 14. , Saberes y comportamientos socioculturales 1.7. ]",turista
pcic-01348,A1,vocab,nociones_especificas,"8.1. Tiempo libre y entretenimiento [ v. Nociones específicas 9.5. , 14. , Saberes y comportamientos socioculturales 1.7. ]",información
pcic-01349,A1,vocab,nociones_especificas,"8.1. Tiempo libre y entretenimiento [ v. Nociones específicas 9.5. , 14. , Saberes y comportamientos socioculturales 1.7. ]",turismo
pcic-01350,A1,vocab,nociones_especificas,"8.1. Tiempo libre y entretenimiento [ v. Nociones específicas 9.5. , 14. , Saberes y comportamientos socioculturales 1.7. ]",viajar
pcic-01351,A1,vocab,nociones_especificas,"8.1. Tiempo libre y entretenimiento [ v. Nociones específicas 9.5. , 14. , Saberes y comportamientos socioculturales 1.7. ]",el periódico
pcic-01352,A1,vocab,nociones_especificas,"8.1. Tiempo libre y entretenimiento [ v. Nociones específicas 9.5. , 14. , Saberes y comportamientos socioculturales 1.7. ]",un libro
pcic-01353,A1,vocab,nociones_especificas,"8.1. Tiempo libre y entretenimiento [ v. Nociones específicas 9.5. , 14. , Saberes y comportamientos socioculturales 1.7. ]",una revista
pcic-01354,A1,vocab,nociones_especificas,"8.1. Tiempo libre y entretenimiento [ v. Nociones específicas 9.5. , 14. , Saberes y comportamientos socioculturales 1.7. ]",la televisión
pcic-01355,A1,vocab,nociones_especificas,"8.1. Tiempo libre y entretenimiento [ v. Nociones específicas 9.5. , 14. , Saberes y comportamientos socioculturales 1.7. ]",una película
pcic-01356,A1,vocab,nociones_especificas,"8.1. Tiempo libre y entretenimiento [ v. Nociones específicas 9.5. , 14. , Saberes y comportamientos socioculturales 1.7. ]",música
pcic-01357,A1,vocab,nociones_especificas,"8.1. Tiempo libre y entretenimiento [ v. Nociones específicas 9.5. , 14. , Saberes y comportamientos socioculturales 1.7. ]",la radio
pcic-01358,A1,vocab,nociones_especificas,"8.1. Tiempo libre y entretenimiento [ v. Nociones específicas 9.5. , 14. , Saberes y comportamientos socioculturales 1.7. ]",una canción
pcic-01359,A1,vocab,nociones_especificas,"8.1. Tiempo libre y entretenimiento [ v. Nociones específicas 9.5. , 14. , Saberes y comportamientos socioculturales 1.7. ]",a un bar
pcic-01360,A1,vocab,nociones_especificas,"8.1. Tiempo libre y entretenimiento [ v. Nociones específicas 9.5. , 14. , Saberes y comportamientos socioculturales 1.7. ]",a una discoteca
pcic-01361,A1,vocab,nociones_especificas,"8.1. Tiempo libre y entretenimiento [ v. Nociones específicas 9.5. , 14. , Saberes y comportamientos socioculturales 1.7. ]",a un café
pcic-01362,A1,vocab,nociones_especificas,"8.1. Tiempo libre y entretenimiento [ v. Nociones específicas 9.5. , 14. , Saberes y comportamientos socioculturales 1.7. ]",a un restaurante
pcic-01363,A1,vocab,nociones_especificas,"8.1. Tiempo libre y entretenimiento [ v. Nociones específicas 9.5. , 14. , Saberes y comportamientos socioculturales 1.7. ]",a un museo
pcic-01364,A1,vocab,nociones_especificas,"8.1. Tiempo libre y entretenimiento [ v. Nociones específicas 9.5. , 14. , Saberes y comportamientos socioculturales 1.7. ]",al cine
pcic-01365,A1,vocab,nociones_especificas,"8.1. Tiempo libre y entretenimiento [ v. Nociones específicas 9.5. , 14. , Saberes y comportamientos socioculturales 1.7. ]",al teatro
pcic-01366,A1,vocab,nociones_especificas,"8.1. Tiempo libre y entretenimiento [ v. Nociones específicas 9.5. , 14. , Saberes y comportamientos socioculturales 1.7. ]",al parque
pcic-01367,A1,vocab,nociones_especificas,"8.1. Tiempo libre y entretenimiento [ v. Nociones específicas 9.5. , 14. , Saberes y comportamientos socioculturales 1.7. ]",cantar
pcic-01368,A1,vocab,nociones_especificas,"8.1. Tiempo libre y entretenimiento [ v. Nociones específicas 9.5. , 14. , Saberes y comportamientos socioculturales 1.7. ]",bailar
pcic-01369,A2,vocab,nociones_especificas,"8.1. Tiempo libre y entretenimiento [ v. Nociones específicas 9.5. , 14. , Saberes y comportamientos socioculturales 1.7. ]",tiempo libre
pcic-01370,A2,vocab,nociones_especificas,"8.1. Tiempo libre y entretenimiento [ v. Nociones específicas 9.5. , 14. , Saberes y comportamientos socioculturales 1.7. ]",afición
pcic-01371,A2,vocab,nociones_especificas,"8.1. Tiempo libre y entretenimiento [ v. Nociones específicas 9.5. , 14. , Saberes y comportamientos socioculturales 1.7. ]",hobby
pcic-01372,A2,vocab,nociones_especificas,"8.1. Tiempo libre y entretenimiento [ v. Nociones específicas 9.5. , 14. , Saberes y comportamientos socioculturales 1.7. ]",de atracciones
pcic-01373,A2,vocab,nociones_especificas,"8.1. Tiempo libre y entretenimiento [ v. Nociones específicas 9.5. , 14. , Saberes y comportamientos socioculturales 1.7. ]",zoológico
pcic-01374,A2,vocab,nociones_especificas,"8.1. Tiempo libre y entretenimiento [ v. Nociones específicas 9.5. , 14. , Saberes y comportamientos socioculturales 1.7. ]",zoo
pcic-01375,A2,vocab,nociones_especificas,"8.1. Tiempo libre y entretenimiento [ v. Nociones específicas 9.5. , 14. , Saberes y comportamientos socioculturales 1.7. ]",quedar
pcic-01376,A2,vocab,nociones_especificas,"8.1. Tiempo libre y entretenimiento [ v. Nociones específicas 9.5. , 14. , Saberes y comportamientos socioculturales 1.7. ]",de paseo
pcic-01377,A2,vocab,nociones_especificas,"8.1. Tiempo libre y entretenimiento [ v. Nociones específicas 9.5. , 14. , Saberes y comportamientos socioculturales 1.7. ]",de compras
pcic-01378,A2,vocab,nociones_especificas,"8.1. Tiempo libre y entretenimiento [ v. Nociones específicas 9.5. , 14. , Saberes y comportamientos socioculturales 1.7. ]",de excursión
pcic-01379,A2,vocab,nociones_especificas,"8.1. Tiempo libre y entretenimiento [ v. Nociones específicas 9.5. , 14. , Saberes y comportamientos socioculturales 1.7. ]",caminar
pcic-01380,A2,vocab,nociones_especificas,"8.1. Tiempo libre y entretenimiento [ v. Nociones específicas 9.5. , 14. , Saberes y comportamientos socioculturales 1.7. ]",una cita
pcic-01381,A2,vocab,nociones_especificas,"8.1. Tiempo libre y entretenimiento [ v. Nociones específicas 9.5. , 14. , Saberes y comportamientos socioculturales 1.7. ]",planes
pcic-01382,A2,vocab,nociones_especificas,"8.1. Tiempo libre y entretenimiento [ v. Nociones específicas 9.5. , 14. , Saberes y comportamientos socioculturales 1.7. ]",salir con amigos
pcic-01383,A2,vocab,nociones_especificas,"8.1. Tiempo libre y entretenimiento [ v. Nociones específicas 9.5. , 14. , Saberes y comportamientos socioculturales 1.7. ]",un café
pcic-01384,A2,vocab,nociones_especificas,"8.1. Tiempo libre y entretenimiento [ v. Nociones específicas 9.5. , 14. , Saberes y comportamientos socioculturales 1.7. ]",una caña
pcic-01385,A2,vocab,nociones_especificas,"8.1. Tiempo libre y entretenimiento [ v. Nociones específicas 9.5. , 14. , Saberes y comportamientos socioculturales 1.7. ]",una copa
pcic-01386,A1,vocab,nociones_especificas,"8.2. Espectáculos y exposiciones [ v. Nociones específicas 18. , Saberes y comportamientos socioculturales 1.7. ]",película
pcic-01387,A1,vocab,nociones_especificas,"8.2. Espectáculos y exposiciones [ v. Nociones específicas 18. , Saberes y comportamientos socioculturales 1.7. ]",concierto
pcic-01388,A1,vocab,nociones_especificas,"8.2. Espectáculos y exposiciones [ v. Nociones específicas 18. , Saberes y comportamientos socioculturales 1.7. ]",al circo
pcic-01389,A1,vocab,nociones_especificas,"8.2. Espectáculos y exposiciones [ v. Nociones específicas 18. , Saberes y comportamientos socioculturales 1.7. ]",ir a un concierto
pcic-01390,A2,vocab,nociones_especificas,"8.2. Espectáculos y exposiciones [ v. Nociones específicas 18. , Saberes y comportamientos socioculturales 1.7. ]",entrada
pcic-01391,A2,vocab,nociones_especificas,"8.2. Espectáculos y exposiciones [ v. Nociones específicas 18. , Saberes y comportamientos socioculturales 1.7. ]",invitación
pcic-01392,A2,vocab,nociones_especificas,"8.2. Espectáculos y exposiciones [ v. Nociones específicas 18. , Saberes y comportamientos socioculturales 1.7. ]",de música clásica
pcic-01393,A2,vocab,nociones_especificas,"8.2. Espectáculos y exposiciones [ v. Nociones específicas 18. , Saberes y comportamientos socioculturales 1.7. ]",de rock
pcic-01394,A2,vocab,nociones_especificas,"8.2. Espectáculos y exposiciones [ v. Nociones específicas 18. , Saberes y comportamientos socioculturales 1.7. ]",una entrada ~
pcic-01395,A1,vocab,nociones_especificas,"8.3. Deportes [ v. Saberes y comportamientos socioculturales 1.7.4. , 1.10.1. ]",correr
pcic-01396,A1,vocab,nociones_especificas,"8.3. Deportes [ v. Saberes y comportamientos socioculturales 1.7.4. , 1.10.1. ]",nadar
pcic-01397,A1,vocab,nociones_especificas,"8.3. Deportes [ v. Saberes y comportamientos socioculturales 1.7.4. , 1.10.1. ]",esquiar
pcic-01398,A1,vocab,nociones_especificas,"8.3. Deportes [ v. Saberes y comportamientos socioculturales 1.7.4. , 1.10.1. ]",deporte
pcic-01399,A1,vocab,nociones_especificas,"8.3. Deportes [ v. Saberes y comportamientos socioculturales 1.7.4. , 1.10.1. ]",gimnasia
pcic-01400,A1,vocab,nociones_especificas,"8.3. Deportes [ v. Saberes y comportamientos socioculturales 1.7.4. , 1.10.1. ]",al fútbol
pcic-01401,A1,vocab,nociones_especificas,"8.3. Deportes [ v. Saberes y comportamientos socioculturales 1.7.4. , 1.10.1. ]",al baloncesto
pcic-01402,A1,vocab,nociones_especificas,"8.3. Deportes [ v. Saberes y comportamientos socioculturales 1.7.4. , 1.10.1. ]",al tenis
pcic-01403,A2,vocab,nociones_especificas,"8.3. Deportes [ v. Saberes y comportamientos socioculturales 1.7.4. , 1.10.1. ]",gimnasio
pcic-01404,A2,vocab,nociones_especificas,"8.3. Deportes [ v. Saberes y comportamientos socioculturales 1.7.4. , 1.10.1. ]",piscina
pcic-01405,A2,vocab,nociones_especificas,"8.3. Deportes [ v. Saberes y comportamientos socioculturales 1.7.4. , 1.10.1. ]",practicar un deporte
pcic-01406,A2,vocab,nociones_especificas,"8.3. Deportes [ v. Saberes y comportamientos socioculturales 1.7.4. , 1.10.1. ]",montar en bicicleta
pcic-01407,A2,vocab,nociones_especificas,"8.3. Deportes [ v. Saberes y comportamientos socioculturales 1.7.4. , 1.10.1. ]",hacer senderismo
pcic-01408,A1,vocab,nociones_especificas,8.4. Juegos [ v. Saberes y comportamientos socioculturales 1.7. ],juego
pcic-01409,A2,vocab,nociones_especificas,8.4. Juegos [ v. Saberes y comportamientos socioculturales 1.7. ],a las cartas
pcic-01410,A2,vocab,nociones_especificas,8.4. Juegos [ v. Saberes y comportamientos socioculturales 1.7. ],al parchís
pcic-01411,A2,vocab,nociones_especificas,8.4. Juegos [ v. Saberes y comportamientos socioculturales 1.7. ],a la oca
pcic-01412,A2,vocab,nociones_especificas,8.4. Juegos [ v. Saberes y comportamientos socioculturales 1.7. ],al ajedrez
pcic-01413,A1,vocab,nociones_especificas,9.1. Información y comunicación [ v. Nociones generales 7.2. ],televisión
pcic-01414,A1,vocab,nociones_especificas,9.1. Información y comunicación [ v. Nociones generales 7.2. ],radio
pcic-01415,A2,vocab,nociones_especificas,9.1. Información y comunicación [ v. Nociones generales 7.2. ],una postal
pcic-01416,A2,vocab,nociones_especificas,9.1. Información y comunicación [ v. Nociones generales 7.2. ],una llamada
pcic-01417,A2,vocab,nociones_especificas,9.1. Información y comunicación [ v. Nociones generales 7.2. ],un correo
pcic-01418,A1,vocab,nociones_especificas,9.2. Correspondencia escrita [ v. Nociones específicas 11.1. ],sobre
pcic-01419,A1,vocab,nociones_especificas,9.2. Correspondencia escrita [ v. Nociones específicas 11.1. ],sello
pcic-01420,A1,vocab,nociones_especificas,9.2. Correspondencia escrita [ v. Nociones específicas 11.1. ],una postal
pcic-01421,A1,vocab,nociones_especificas,9.2. Correspondencia escrita [ v. Nociones específicas 11.1. ],una carta
pcic-01422,A1,vocab,nociones_especificas,9.2. Correspondencia escrita [ v. Nociones específicas 11.1. ],un mensaje electrónico
pcic-01423,A2,vocab,nociones_especificas,9.2. Correspondencia escrita [ v. Nociones específicas 11.1. ],enviar
pcic-01424,A2,vocab,nociones_especificas,9.2. Correspondencia escrita [ v. Nociones específicas 11.1. ],recibir
pcic-01425,A2,vocab,nociones_especificas,9.2. Correspondencia escrita [ v. Nociones específicas 11.1. ],responder
pcic-01426,A2,vocab,nociones_especificas,9.2. Correspondencia escrita [ v. Nociones específicas 11.1. ],fax
pcic-01427,A2,vocab,nociones_especificas,9.2. Correspondencia escrita [ v. Nociones específicas 11.1. ],una carta
pcic-01428,A2,vocab,nociones_especificas,9.2. Correspondencia escrita [ v. Nociones específicas 11.1. ],una nota
pcic-01429,A2,vocab,nociones_especificas,9.2. Correspondencia escrita [ v. Nociones específicas 11.1. ],a Correos
pcic-01430,A1,vocab,nociones_especificas,9.3. Teléfono,fijo
pcic-01431,A2,vocab,nociones_especificas,9.3. Teléfono,tarjeta telefónica
pcic-01432,A2,vocab,nociones_especificas,9.3. Teléfono,cabina
pcic-01433,A2,vocab,nociones_especificas,9.3. Teléfono,por teléfono
pcic-01434,A2,vocab,nociones_especificas,9.3. Teléfono,dejar un mensaje
pcic-01435,A1,vocab,nociones_especificas,9.4. Prensa escrita [ v. Saberes y comportamientos socioculturales 1.8.1. ],quiosco
pcic-01436,A1,vocab,nociones_especificas,9.4. Prensa escrita [ v. Saberes y comportamientos socioculturales 1.8.1. ],un periódico
pcic-01437,A2,vocab,nociones_especificas,9.4. Prensa escrita [ v. Saberes y comportamientos socioculturales 1.8.1. ],entrevista
pcic-01438,A2,vocab,nociones_especificas,9.4. Prensa escrita [ v. Saberes y comportamientos socioculturales 1.8.1. ],periodista
pcic-01439,A1,vocab,nociones_especificas,9.5. Televisión y radio [ v. Saberes y comportamientos socioculturales 1.8.2. ],ver la televisión
pcic-01440,A1,vocab,nociones_especificas,9.5. Televisión y radio [ v. Saberes y comportamientos socioculturales 1.8.2. ],escuchar la radio
pcic-01441,A2,vocab,nociones_especificas,9.5. Televisión y radio [ v. Saberes y comportamientos socioculturales 1.8.2. ],anuncios
pcic-01442,A2,vocab,nociones_especificas,9.5. Televisión y radio [ v. Saberes y comportamientos socioculturales 1.8.2. ],publicidad
pcic-01443,A2,vocab,nociones_especificas,9.5. Televisión y radio [ v. Saberes y comportamientos socioculturales 1.8.2. ],presentador
pcic-01444,A2,vocab,nociones_especificas,9.5. Televisión y radio [ v. Saberes y comportamientos socioculturales 1.8.2. ],ver un programa de televisión
pcic-01445,A2,vocab,nociones_especificas,9.5. Televisión y radio [ v. Saberes y comportamientos socioculturales 1.8.2. ],escuchar un programa de radio
pcic-01446,A1,vocab,nociones_especificas,"9.6. Internet [ v. Nociones específicas 16.4. , Saberes y comportamientos socioculturales 1.8.3. ]",arroba
pcic-01447,A1,vocab,nociones_especificas,"9.6. Internet [ v. Nociones específicas 16.4. , Saberes y comportamientos socioculturales 1.8.3. ]",guión
pcic-01448,A1,vocab,nociones_especificas,"9.6. Internet [ v. Nociones específicas 16.4. , Saberes y comportamientos socioculturales 1.8.3. ]",guión bajo
pcic-01449,A1,vocab,nociones_especificas,"9.6. Internet [ v. Nociones específicas 16.4. , Saberes y comportamientos socioculturales 1.8.3. ]",punto
pcic-01450,A1,vocab,nociones_especificas,"9.6. Internet [ v. Nociones específicas 16.4. , Saberes y comportamientos socioculturales 1.8.3. ]",página web
pcic-01451,A2,vocab,nociones_especificas,"9.6. Internet [ v. Nociones específicas 16.4. , Saberes y comportamientos socioculturales 1.8.3. ]",dirección de Internet
pcic-01452,A2,vocab,nociones_especificas,"9.6. Internet [ v. Nociones específicas 16.4. , Saberes y comportamientos socioculturales 1.8.3. ]",foro
pcic-01453,A2,vocab,nociones_especificas,"9.6. Internet [ v. Nociones específicas 16.4. , Saberes y comportamientos socioculturales 1.8.3. ]",chat
pcic-01454,A2,vocab,nociones_especificas,"9.6. Internet [ v. Nociones específicas 16.4. , Saberes y comportamientos socioculturales 1.8.3. ]",virus
pcic-01455,A2,vocab,nociones_especificas,"9.6. Internet [ v. Nociones específicas 16.4. , Saberes y comportamientos socioculturales 1.8.3. ]",por Internet
pcic-01456,A2,vocab,nociones_especificas,"9.6. Internet [ v. Nociones específicas 16.4. , Saberes y comportamientos socioculturales 1.8.3. ]",por la red
pcic-01457,A2,vocab,nociones_especificas,"9.6. Internet [ v. Nociones específicas 16.4. , Saberes y comportamientos socioculturales 1.8.3. ]",un mensaje electrónico
pcic-01458,A1,vocab,nociones_especificas,10.1. Acciones relacionadas con la vivienda [ v. Saberes y comportamientos socioculturales 1.9. ],un piso
pcic-01459,A1,vocab,nociones_especificas,10.1. Acciones relacionadas con la vivienda [ v. Saberes y comportamientos socioculturales 1.9. ],un apartamento
pcic-01460,A1,vocab,nociones_especificas,10.1. Acciones relacionadas con la vivienda [ v. Saberes y comportamientos socioculturales 1.9. ],en una casa
pcic-01461,A1,vocab,nociones_especificas,10.1. Acciones relacionadas con la vivienda [ v. Saberes y comportamientos socioculturales 1.9. ],en un apartamento
pcic-01462,A1,vocab,nociones_especificas,10.1. Acciones relacionadas con la vivienda [ v. Saberes y comportamientos socioculturales 1.9. ],en un piso
pcic-01463,A2,vocab,nociones_especificas,10.1. Acciones relacionadas con la vivienda [ v. Saberes y comportamientos socioculturales 1.9. ],piso
pcic-01464,A2,vocab,nociones_especificas,10.1. Acciones relacionadas con la vivienda [ v. Saberes y comportamientos socioculturales 1.9. ],alojamiento
pcic-01465,A2,vocab,nociones_especificas,10.1. Acciones relacionadas con la vivienda [ v. Saberes y comportamientos socioculturales 1.9. ],compartir piso
pcic-01466,A2,vocab,nociones_especificas,10.1. Acciones relacionadas con la vivienda [ v. Saberes y comportamientos socioculturales 1.9. ],cambiarse de casa
pcic-01467,A1,vocab,nociones_especificas,10.2. Características de la vivienda [ v. Saberes y comportamientos socioculturales 1.9. ],apartamento
pcic-01468,A1,vocab,nociones_especificas,10.2. Características de la vivienda [ v. Saberes y comportamientos socioculturales 1.9. ],estudio
pcic-01469,A1,vocab,nociones_especificas,10.2. Características de la vivienda [ v. Saberes y comportamientos socioculturales 1.9. ],ascensor
pcic-01470,A1,vocab,nociones_especificas,10.2. Características de la vivienda [ v. Saberes y comportamientos socioculturales 1.9. ],escalera
pcic-01471,A1,vocab,nociones_especificas,10.2. Características de la vivienda [ v. Saberes y comportamientos socioculturales 1.9. ],terraza
pcic-01472,A1,vocab,nociones_especificas,10.2. Características de la vivienda [ v. Saberes y comportamientos socioculturales 1.9. ],jardín
pcic-01473,A1,vocab,nociones_especificas,10.2. Características de la vivienda [ v. Saberes y comportamientos socioculturales 1.9. ],ventana
pcic-01474,A1,vocab,nociones_especificas,10.2. Características de la vivienda [ v. Saberes y comportamientos socioculturales 1.9. ],puerta
pcic-01475,A1,vocab,nociones_especificas,10.2. Características de la vivienda [ v. Saberes y comportamientos socioculturales 1.9. ],sala de estar
pcic-01476,A1,vocab,nociones_especificas,10.2. Características de la vivienda [ v. Saberes y comportamientos socioculturales 1.9. ],dormitorio
pcic-01477,A1,vocab,nociones_especificas,10.2. Características de la vivienda [ v. Saberes y comportamientos socioculturales 1.9. ],cocina
pcic-01478,A1,vocab,nociones_especificas,10.2. Características de la vivienda [ v. Saberes y comportamientos socioculturales 1.9. ],baño
pcic-01479,A1,vocab,nociones_especificas,10.2. Características de la vivienda [ v. Saberes y comportamientos socioculturales 1.9. ],salón
pcic-01480,A1,vocab,nociones_especificas,10.2. Características de la vivienda [ v. Saberes y comportamientos socioculturales 1.9. ],garaje
pcic-01481,A1,vocab,nociones_especificas,10.2. Características de la vivienda [ v. Saberes y comportamientos socioculturales 1.9. ],nuevo
pcic-01482,A1,vocab,nociones_especificas,10.2. Características de la vivienda [ v. Saberes y comportamientos socioculturales 1.9. ],exterior
pcic-01483,A1,vocab,nociones_especificas,10.2. Características de la vivienda [ v. Saberes y comportamientos socioculturales 1.9. ],interior
pcic-01484,A1,vocab,nociones_especificas,10.2. Características de la vivienda [ v. Saberes y comportamientos socioculturales 1.9. ],céntrico
pcic-01485,A1,vocab,nociones_especificas,10.2. Características de la vivienda [ v. Saberes y comportamientos socioculturales 1.9. ],comunicado
pcic-01486,A1,vocab,nociones_especificas,10.2. Características de la vivienda [ v. Saberes y comportamientos socioculturales 1.9. ],aire acondicionado
pcic-01487,A1,vocab,nociones_especificas,10.2. Características de la vivienda [ v. Saberes y comportamientos socioculturales 1.9. ],calefacción
pcic-01488,A2,vocab,nociones_especificas,10.2. Características de la vivienda [ v. Saberes y comportamientos socioculturales 1.9. ],edificio
pcic-01489,A2,vocab,nociones_especificas,10.2. Características de la vivienda [ v. Saberes y comportamientos socioculturales 1.9. ],chalé
pcic-01490,A2,vocab,nociones_especificas,10.2. Características de la vivienda [ v. Saberes y comportamientos socioculturales 1.9. ],piso de estudiantes
pcic-01491,A2,vocab,nociones_especificas,10.2. Características de la vivienda [ v. Saberes y comportamientos socioculturales 1.9. ],pasillo
pcic-01492,A2,vocab,nociones_especificas,10.2. Características de la vivienda [ v. Saberes y comportamientos socioculturales 1.9. ],suelo
pcic-01493,A2,vocab,nociones_especificas,10.2. Características de la vivienda [ v. Saberes y comportamientos socioculturales 1.9. ],techo
pcic-01494,A2,vocab,nociones_especificas,10.2. Características de la vivienda [ v. Saberes y comportamientos socioculturales 1.9. ],pared
pcic-01495,A2,vocab,nociones_especificas,10.2. Características de la vivienda [ v. Saberes y comportamientos socioculturales 1.9. ],dormitorio de invitados
pcic-01496,A2,vocab,nociones_especificas,10.2. Características de la vivienda [ v. Saberes y comportamientos socioculturales 1.9. ],propietario
pcic-01497,A2,vocab,nociones_especificas,10.2. Características de la vivienda [ v. Saberes y comportamientos socioculturales 1.9. ],de   habitaciones
pcic-01498,A2,vocab,nociones_especificas,10.2. Características de la vivienda [ v. Saberes y comportamientos socioculturales 1.9. ],estado
pcic-01499,A2,vocab,nociones_especificas,10.3. Actividades domésticas [ v. Saberes y comportamientos socioculturales 1.9. ],limpio
pcic-01500,A2,vocab,nociones_especificas,10.3. Actividades domésticas [ v. Saberes y comportamientos socioculturales 1.9. ],sucio
pcic-01501,A2,vocab,nociones_especificas,10.3. Actividades domésticas [ v. Saberes y comportamientos socioculturales 1.9. ],la casa
pcic-01502,A2,vocab,nociones_especificas,10.3. Actividades domésticas [ v. Saberes y comportamientos socioculturales 1.9. ],la cocina
pcic-01503,A2,vocab,nociones_especificas,10.3. Actividades domésticas [ v. Saberes y comportamientos socioculturales 1.9. ],el baño
pcic-01504,A2,vocab,nociones_especificas,10.3. Actividades domésticas [ v. Saberes y comportamientos socioculturales 1.9. ],los platos
pcic-01505,A2,vocab,nociones_especificas,10.3. Actividades domésticas [ v. Saberes y comportamientos socioculturales 1.9. ],la ropa
pcic-01506,A1,vocab,nociones_especificas,10.4. Objetos domésticos,cama
pcic-01507,A1,vocab,nociones_especificas,10.4. Objetos domésticos,sofá
pcic-01508,A1,vocab,nociones_especificas,10.4. Objetos domésticos,sillón
pcic-01509,A1,vocab,nociones_especificas,10.4. Objetos domésticos,ducha
pcic-01510,A1,vocab,nociones_especificas,10.4. Objetos domésticos,lavabo
pcic-01511,A1,vocab,nociones_especificas,10.4. Objetos domésticos,vídeo
pcic-01512,A1,vocab,nociones_especificas,10.4. Objetos domésticos,DVD
pcic-01513,A2,vocab,nociones_especificas,10.4. Objetos domésticos,eléctrica
pcic-01514,A2,vocab,nociones_especificas,10.4. Objetos domésticos,de gas
pcic-01515,A2,vocab,nociones_especificas,10.4. Objetos domésticos,nevera
pcic-01516,A2,vocab,nociones_especificas,10.4. Objetos domésticos,lavadora
pcic-01517,A2,vocab,nociones_especificas,10.4. Objetos domésticos,lavaplatos
pcic-01518,A2,vocab,nociones_especificas,10.4. Objetos domésticos,microondas
pcic-01519,A2,vocab,nociones_especificas,10.4. Objetos domésticos,cocina
pcic-01520,A1,vocab,nociones_especificas,11.1. Servicio postal [ v. Nociones específicas 9.2. ],carta
pcic-01521,A1,vocab,nociones_especificas,11.1. Servicio postal [ v. Nociones específicas 9.2. ],postal
pcic-01522,A2,vocab,nociones_especificas,11.1. Servicio postal [ v. Nociones específicas 9.2. ],correos
pcic-01523,A2,vocab,nociones_especificas,11.1. Servicio postal [ v. Nociones específicas 9.2. ],ir a Correos
pcic-01524,A1,vocab,nociones_especificas,11.3. Servicios financieros [ v. Nociones específicas 12.4. ],banco
pcic-01525,A1,vocab,nociones_especificas,11.3. Servicios financieros [ v. Nociones específicas 12.4. ],dinero
pcic-01526,A1,vocab,nociones_especificas,11.3. Servicios financieros [ v. Nociones específicas 12.4. ],euro
pcic-01527,A1,vocab,nociones_especificas,11.3. Servicios financieros [ v. Nociones específicas 12.4. ],céntimo
pcic-01528,A1,vocab,nociones_especificas,11.3. Servicios financieros [ v. Nociones específicas 12.4. ],tarjeta
pcic-01529,A1,vocab,nociones_especificas,11.3. Servicios financieros [ v. Nociones específicas 12.4. ],cambiar dinero
pcic-01530,A2,vocab,nociones_especificas,11.3. Servicios financieros [ v. Nociones específicas 12.4. ],moneda
pcic-01531,A2,vocab,nociones_especificas,11.3. Servicios financieros [ v. Nociones específicas 12.4. ],billete
pcic-01532,A2,vocab,nociones_especificas,11.3. Servicios financieros [ v. Nociones específicas 12.4. ],cajero automático
pcic-01533,A1,vocab,nociones_especificas,"11.4. Servicios sanitarios [ v. Nociones específicas 13.4. , Saberes y comportamientos soioculturales 1.12.2. ]",hospital
pcic-01534,A1,vocab,nociones_especificas,"11.4. Servicios sanitarios [ v. Nociones específicas 13.4. , Saberes y comportamientos soioculturales 1.12.2. ]",enfermera
pcic-01535,A2,vocab,nociones_especificas,"11.4. Servicios sanitarios [ v. Nociones específicas 13.4. , Saberes y comportamientos soioculturales 1.12.2. ]",Seguridad Social
pcic-01536,A2,vocab,nociones_especificas,"11.4. Servicios sanitarios [ v. Nociones específicas 13.4. , Saberes y comportamientos soioculturales 1.12.2. ]",ambulancia
pcic-01537,A2,vocab,nociones_especificas,"11.4. Servicios sanitarios [ v. Nociones específicas 13.4. , Saberes y comportamientos soioculturales 1.12.2. ]",Cruz Roja
pcic-01538,A1,vocab,nociones_especificas,"11.6. Servicios de protección y seguridad [ v. Nociones específicas 17.3. , Saberes y comportamientos socioculturales 1.16. ]",policía
pcic-01539,A1,vocab,nociones_especificas,"11.6. Servicios de protección y seguridad [ v. Nociones específicas 17.3. , Saberes y comportamientos socioculturales 1.16. ]",bombero
pcic-01540,A2,vocab,nociones_especificas,"11.6. Servicios de protección y seguridad [ v. Nociones específicas 17.3. , Saberes y comportamientos socioculturales 1.16. ]",comisaría
pcic-01541,A2,vocab,nociones_especificas,"11.6. Servicios de protección y seguridad [ v. Nociones específicas 17.3. , Saberes y comportamientos socioculturales 1.16. ]",socorro
pcic-01542,A2,vocab,nociones_especificas,"11.6. Servicios de protección y seguridad [ v. Nociones específicas 17.3. , Saberes y comportamientos socioculturales 1.16. ]",a la policía
pcic-01543,A2,vocab,nociones_especificas,"11.6. Servicios de protección y seguridad [ v. Nociones específicas 17.3. , Saberes y comportamientos socioculturales 1.16. ]",a los bomberos
pcic-01544,A2,vocab,nociones_especificas,11.7. Servicios sociales [ v. Saberes y comportamientos socioculturales 1.15. ],teléfono de emergencia
pcic-01545,A1,vocab,nociones_especificas,"12.1. Lugares, personas y actividades [ v. Nociones específicas 15.3. , 20.3.1. , Saberes y comportamientos socioculturales 1.11. ]",mercado
pcic-01546,A1,vocab,nociones_especificas,"12.1. Lugares, personas y actividades [ v. Nociones específicas 15.3. , 20.3.1. , Saberes y comportamientos socioculturales 1.11. ]",salida
pcic-01547,A1,vocab,nociones_especificas,"12.1. Lugares, personas y actividades [ v. Nociones específicas 15.3. , 20.3.1. , Saberes y comportamientos socioculturales 1.11. ]",comprador
pcic-01548,A1,vocab,nociones_especificas,"12.1. Lugares, personas y actividades [ v. Nociones específicas 15.3. , 20.3.1. , Saberes y comportamientos socioculturales 1.11. ]",vendedor
pcic-01549,A2,vocab,nociones_especificas,"12.1. Lugares, personas y actividades [ v. Nociones específicas 15.3. , 20.3.1. , Saberes y comportamientos socioculturales 1.11. ]",centro comercial
pcic-01550,A2,vocab,nociones_especificas,"12.1. Lugares, personas y actividades [ v. Nociones específicas 15.3. , 20.3.1. , Saberes y comportamientos socioculturales 1.11. ]",papelería
pcic-01551,A2,vocab,nociones_especificas,"12.1. Lugares, personas y actividades [ v. Nociones específicas 15.3. , 20.3.1. , Saberes y comportamientos socioculturales 1.11. ]",peluquería
pcic-01552,A2,vocab,nociones_especificas,"12.1. Lugares, personas y actividades [ v. Nociones específicas 15.3. , 20.3.1. , Saberes y comportamientos socioculturales 1.11. ]",quiosco
pcic-01553,A2,vocab,nociones_especificas,"12.1. Lugares, personas y actividades [ v. Nociones específicas 15.3. , 20.3.1. , Saberes y comportamientos socioculturales 1.11. ]",estanco
pcic-01554,A2,vocab,nociones_especificas,"12.1. Lugares, personas y actividades [ v. Nociones específicas 15.3. , 20.3.1. , Saberes y comportamientos socioculturales 1.11. ]",frutería
pcic-01555,A2,vocab,nociones_especificas,"12.1. Lugares, personas y actividades [ v. Nociones específicas 15.3. , 20.3.1. , Saberes y comportamientos socioculturales 1.11. ]",carnicería
pcic-01556,A2,vocab,nociones_especificas,"12.1. Lugares, personas y actividades [ v. Nociones específicas 15.3. , 20.3.1. , Saberes y comportamientos socioculturales 1.11. ]",ropa
pcic-01557,A2,vocab,nociones_especificas,"12.1. Lugares, personas y actividades [ v. Nociones específicas 15.3. , 20.3.1. , Saberes y comportamientos socioculturales 1.11. ]",de deportes
pcic-01558,A2,vocab,nociones_especificas,"12.1. Lugares, personas y actividades [ v. Nociones específicas 15.3. , 20.3.1. , Saberes y comportamientos socioculturales 1.11. ]",de regalos
pcic-01559,A2,vocab,nociones_especificas,"12.1. Lugares, personas y actividades [ v. Nociones específicas 15.3. , 20.3.1. , Saberes y comportamientos socioculturales 1.11. ]",de decoración
pcic-01560,A2,vocab,nociones_especificas,"12.1. Lugares, personas y actividades [ v. Nociones específicas 15.3. , 20.3.1. , Saberes y comportamientos socioculturales 1.11. ]",de discos
pcic-01561,A2,vocab,nociones_especificas,"12.1. Lugares, personas y actividades [ v. Nociones específicas 15.3. , 20.3.1. , Saberes y comportamientos socioculturales 1.11. ]",agencia de viajes
pcic-01562,A2,vocab,nociones_especificas,"12.1. Lugares, personas y actividades [ v. Nociones específicas 15.3. , 20.3.1. , Saberes y comportamientos socioculturales 1.11. ]",frutero
pcic-01563,A2,vocab,nociones_especificas,"12.1. Lugares, personas y actividades [ v. Nociones específicas 15.3. , 20.3.1. , Saberes y comportamientos socioculturales 1.11. ]",carnicero
pcic-01564,A2,vocab,nociones_especificas,"12.1. Lugares, personas y actividades [ v. Nociones específicas 15.3. , 20.3.1. , Saberes y comportamientos socioculturales 1.11. ]",panadero
pcic-01565,A2,vocab,nociones_especificas,"12.1. Lugares, personas y actividades [ v. Nociones específicas 15.3. , 20.3.1. , Saberes y comportamientos socioculturales 1.11. ]",devolver
pcic-01566,A2,vocab,nociones_especificas,"12.1. Lugares, personas y actividades [ v. Nociones específicas 15.3. , 20.3.1. , Saberes y comportamientos socioculturales 1.11. ]",cambiar
pcic-01567,A2,vocab,nociones_especificas,"12.1. Lugares, personas y actividades [ v. Nociones específicas 15.3. , 20.3.1. , Saberes y comportamientos socioculturales 1.11. ]",de tiendas
pcic-01568,A2,vocab,nociones_especificas,"12.1. Lugares, personas y actividades [ v. Nociones específicas 15.3. , 20.3.1. , Saberes y comportamientos socioculturales 1.11. ]",hacer la compra
pcic-01569,A1,vocab,nociones_especificas,"12.2. Ropa, calzado y complementos [ v. Nociones generales 2.6.2. , 5.7. , 5.12. ; Nociones específicas 15.3. ; Saberes y comportamientos socioculturales 1.11. ]",pantalones
pcic-01570,A1,vocab,nociones_especificas,"12.2. Ropa, calzado y complementos [ v. Nociones generales 2.6.2. , 5.7. , 5.12. ; Nociones específicas 15.3. ; Saberes y comportamientos socioculturales 1.11. ]",vaqueros
pcic-01571,A1,vocab,nociones_especificas,"12.2. Ropa, calzado y complementos [ v. Nociones generales 2.6.2. , 5.7. , 5.12. ; Nociones específicas 15.3. ; Saberes y comportamientos socioculturales 1.11. ]",falda
pcic-01572,A1,vocab,nociones_especificas,"12.2. Ropa, calzado y complementos [ v. Nociones generales 2.6.2. , 5.7. , 5.12. ; Nociones específicas 15.3. ; Saberes y comportamientos socioculturales 1.11. ]",camisa
pcic-01573,A1,vocab,nociones_especificas,"12.2. Ropa, calzado y complementos [ v. Nociones generales 2.6.2. , 5.7. , 5.12. ; Nociones específicas 15.3. ; Saberes y comportamientos socioculturales 1.11. ]",jersey
pcic-01574,A1,vocab,nociones_especificas,"12.2. Ropa, calzado y complementos [ v. Nociones generales 2.6.2. , 5.7. , 5.12. ; Nociones específicas 15.3. ; Saberes y comportamientos socioculturales 1.11. ]",zapatos
pcic-01575,A2,vocab,nociones_especificas,"12.2. Ropa, calzado y complementos [ v. Nociones generales 2.6.2. , 5.7. , 5.12. ; Nociones específicas 15.3. ; Saberes y comportamientos socioculturales 1.11. ]",blusa
pcic-01576,A2,vocab,nociones_especificas,"12.2. Ropa, calzado y complementos [ v. Nociones generales 2.6.2. , 5.7. , 5.12. ; Nociones específicas 15.3. ; Saberes y comportamientos socioculturales 1.11. ]",pijama
pcic-01577,A2,vocab,nociones_especificas,"12.2. Ropa, calzado y complementos [ v. Nociones generales 2.6.2. , 5.7. , 5.12. ; Nociones específicas 15.3. ; Saberes y comportamientos socioculturales 1.11. ]",cazadora
pcic-01578,A2,vocab,nociones_especificas,"12.2. Ropa, calzado y complementos [ v. Nociones generales 2.6.2. , 5.7. , 5.12. ; Nociones específicas 15.3. ; Saberes y comportamientos socioculturales 1.11. ]",gorra
pcic-01579,A2,vocab,nociones_especificas,"12.2. Ropa, calzado y complementos [ v. Nociones generales 2.6.2. , 5.7. , 5.12. ; Nociones específicas 15.3. ; Saberes y comportamientos socioculturales 1.11. ]",sombrero
pcic-01580,A2,vocab,nociones_especificas,"12.2. Ropa, calzado y complementos [ v. Nociones generales 2.6.2. , 5.7. , 5.12. ; Nociones específicas 15.3. ; Saberes y comportamientos socioculturales 1.11. ]",pañuelo
pcic-01581,A2,vocab,nociones_especificas,"12.2. Ropa, calzado y complementos [ v. Nociones generales 2.6.2. , 5.7. , 5.12. ; Nociones específicas 15.3. ; Saberes y comportamientos socioculturales 1.11. ]",guantes
pcic-01582,A2,vocab,nociones_especificas,"12.2. Ropa, calzado y complementos [ v. Nociones generales 2.6.2. , 5.7. , 5.12. ; Nociones específicas 15.3. ; Saberes y comportamientos socioculturales 1.11. ]",bufanda
pcic-01583,A2,vocab,nociones_especificas,"12.2. Ropa, calzado y complementos [ v. Nociones generales 2.6.2. , 5.7. , 5.12. ; Nociones específicas 15.3. ; Saberes y comportamientos socioculturales 1.11. ]",sujetador
pcic-01584,A2,vocab,nociones_especificas,"12.2. Ropa, calzado y complementos [ v. Nociones generales 2.6.2. , 5.7. , 5.12. ; Nociones específicas 15.3. ; Saberes y comportamientos socioculturales 1.11. ]",braga
pcic-01585,A2,vocab,nociones_especificas,"12.2. Ropa, calzado y complementos [ v. Nociones generales 2.6.2. , 5.7. , 5.12. ; Nociones específicas 15.3. ; Saberes y comportamientos socioculturales 1.11. ]",calzoncillo
pcic-01586,A2,vocab,nociones_especificas,"12.2. Ropa, calzado y complementos [ v. Nociones generales 2.6.2. , 5.7. , 5.12. ; Nociones específicas 15.3. ; Saberes y comportamientos socioculturales 1.11. ]",medias
pcic-01587,A2,vocab,nociones_especificas,"12.2. Ropa, calzado y complementos [ v. Nociones generales 2.6.2. , 5.7. , 5.12. ; Nociones específicas 15.3. ; Saberes y comportamientos socioculturales 1.11. ]",calcetines
pcic-01588,A2,vocab,nociones_especificas,"12.2. Ropa, calzado y complementos [ v. Nociones generales 2.6.2. , 5.7. , 5.12. ; Nociones específicas 15.3. ; Saberes y comportamientos socioculturales 1.11. ]",bañador
pcic-01589,A2,vocab,nociones_especificas,"12.2. Ropa, calzado y complementos [ v. Nociones generales 2.6.2. , 5.7. , 5.12. ; Nociones específicas 15.3. ; Saberes y comportamientos socioculturales 1.11. ]",biquini
pcic-01590,A2,vocab,nociones_especificas,"12.2. Ropa, calzado y complementos [ v. Nociones generales 2.6.2. , 5.7. , 5.12. ; Nociones específicas 15.3. ; Saberes y comportamientos socioculturales 1.11. ]",botas
pcic-01591,A2,vocab,nociones_especificas,"12.2. Ropa, calzado y complementos [ v. Nociones generales 2.6.2. , 5.7. , 5.12. ; Nociones específicas 15.3. ; Saberes y comportamientos socioculturales 1.11. ]",probador
pcic-01592,A2,vocab,nociones_especificas,"12.2. Ropa, calzado y complementos [ v. Nociones generales 2.6.2. , 5.7. , 5.12. ; Nociones específicas 15.3. ; Saberes y comportamientos socioculturales 1.11. ]",de hombre
pcic-01593,A2,vocab,nociones_especificas,"12.2. Ropa, calzado y complementos [ v. Nociones generales 2.6.2. , 5.7. , 5.12. ; Nociones específicas 15.3. ; Saberes y comportamientos socioculturales 1.11. ]",de mujer
pcic-01594,A2,vocab,nociones_especificas,"12.2. Ropa, calzado y complementos [ v. Nociones generales 2.6.2. , 5.7. , 5.12. ; Nociones específicas 15.3. ; Saberes y comportamientos socioculturales 1.11. ]",de niño
pcic-01595,A2,vocab,nociones_especificas,"12.2. Ropa, calzado y complementos [ v. Nociones generales 2.6.2. , 5.7. , 5.12. ; Nociones específicas 15.3. ; Saberes y comportamientos socioculturales 1.11. ]",ponerse
pcic-01596,A2,vocab,nociones_especificas,"12.2. Ropa, calzado y complementos [ v. Nociones generales 2.6.2. , 5.7. , 5.12. ; Nociones específicas 15.3. ; Saberes y comportamientos socioculturales 1.11. ]",quitarse
pcic-01597,A2,vocab,nociones_especificas,"12.2. Ropa, calzado y complementos [ v. Nociones generales 2.6.2. , 5.7. , 5.12. ; Nociones específicas 15.3. ; Saberes y comportamientos socioculturales 1.11. ]",probarse
pcic-01598,A2,vocab,nociones_especificas,"12.3. Alimentación [ v. Nociones específicas 5. , 15.3. ; Nociones generales 2. ; Saberes y comportamientos socioculturales 1.11. ]",de atún
pcic-01599,A2,vocab,nociones_especificas,"12.3. Alimentación [ v. Nociones específicas 5. , 15.3. ; Nociones generales 2. ; Saberes y comportamientos socioculturales 1.11. ]",paquete ~ de harina
pcic-01600,A2,vocab,nociones_especificas,"12.3. Alimentación [ v. Nociones específicas 5. , 15.3. ; Nociones generales 2. ; Saberes y comportamientos socioculturales 1.11. ]",de arroz
pcic-01601,A2,vocab,nociones_especificas,"12.3. Alimentación [ v. Nociones específicas 5. , 15.3. ; Nociones generales 2. ; Saberes y comportamientos socioculturales 1.11. ]",caja de galletas
pcic-01602,A2,vocab,nociones_especificas,"12.3. Alimentación [ v. Nociones específicas 5. , 15.3. ; Nociones generales 2. ; Saberes y comportamientos socioculturales 1.11. ]",bote ~ de mermelada
pcic-01603,A2,vocab,nociones_especificas,"12.3. Alimentación [ v. Nociones específicas 5. , 15.3. ; Nociones generales 2. ; Saberes y comportamientos socioculturales 1.11. ]",litro ~ de leche
pcic-01604,A2,vocab,nociones_especificas,"12.3. Alimentación [ v. Nociones específicas 5. , 15.3. ; Nociones generales 2. ; Saberes y comportamientos socioculturales 1.11. ]",de agua
pcic-01605,A2,vocab,nociones_especificas,"12.3. Alimentación [ v. Nociones específicas 5. , 15.3. ; Nociones generales 2. ; Saberes y comportamientos socioculturales 1.11. ]",kilo ~ de patatas
pcic-01606,A2,vocab,nociones_especificas,"12.3. Alimentación [ v. Nociones específicas 5. , 15.3. ; Nociones generales 2. ; Saberes y comportamientos socioculturales 1.11. ]",de filetes
pcic-01607,A2,vocab,nociones_especificas,"12.3. Alimentación [ v. Nociones específicas 5. , 15.3. ; Nociones generales 2. ; Saberes y comportamientos socioculturales 1.11. ]",kilo
pcic-01608,A2,vocab,nociones_especificas,"12.3. Alimentación [ v. Nociones específicas 5. , 15.3. ; Nociones generales 2. ; Saberes y comportamientos socioculturales 1.11. ]",cien
pcic-01609,A2,vocab,nociones_especificas,"12.3. Alimentación [ v. Nociones específicas 5. , 15.3. ; Nociones generales 2. ; Saberes y comportamientos socioculturales 1.11. ]",doscientos.~ gramos
pcic-01610,A2,vocab,nociones_especificas,"12.3. Alimentación [ v. Nociones específicas 5. , 15.3. ; Nociones generales 2. ; Saberes y comportamientos socioculturales 1.11. ]",hacer la lista de la compra
pcic-01611,A2,vocab,nociones_especificas,"12.3. Alimentación [ v. Nociones específicas 5. , 15.3. ; Nociones generales 2. ; Saberes y comportamientos socioculturales 1.11. ]",pesar
pcic-01612,A1,vocab,nociones_especificas,"12.4. Pagos [ v. Nociones específicas 15.3. , Nociones generales 6.2. ]",precio
pcic-01613,A1,vocab,nociones_especificas,"12.4. Pagos [ v. Nociones específicas 15.3. , Nociones generales 6.2. ]",billete
pcic-01614,A1,vocab,nociones_especificas,"12.4. Pagos [ v. Nociones específicas 15.3. , Nociones generales 6.2. ]",pagar con tarjeta
pcic-01615,A2,vocab,nociones_especificas,"12.4. Pagos [ v. Nociones específicas 15.3. , Nociones generales 6.2. ]",una propina
pcic-01616,A2,vocab,nociones_especificas,"12.4. Pagos [ v. Nociones específicas 15.3. , Nociones generales 6.2. ]",IVA
pcic-01617,A2,vocab,nociones_especificas,"12.4. Pagos [ v. Nociones específicas 15.3. , Nociones generales 6.2. ]",pagar en efectivo
pcic-01618,A1,vocab,nociones_especificas,13.1. Salud y enfermedades [ v. Saberes y comportamientos socioculturales 1.12.1. ],enfermo
pcic-01619,A1,vocab,nociones_especificas,13.1. Salud y enfermedades [ v. Saberes y comportamientos socioculturales 1.12.1. ],malo
pcic-01620,A2,vocab,nociones_especificas,13.1. Salud y enfermedades [ v. Saberes y comportamientos socioculturales 1.12.1. ],bien
pcic-01621,A2,vocab,nociones_especificas,13.1. Salud y enfermedades [ v. Saberes y comportamientos socioculturales 1.12.1. ],mal
pcic-01622,A2,vocab,nociones_especificas,13.1. Salud y enfermedades [ v. Saberes y comportamientos socioculturales 1.12.1. ],gripe
pcic-01623,A2,vocab,nociones_especificas,13.1. Salud y enfermedades [ v. Saberes y comportamientos socioculturales 1.12.1. ],alergia
pcic-01624,A2,vocab,nociones_especificas,13.1. Salud y enfermedades [ v. Saberes y comportamientos socioculturales 1.12.1. ],fiebre
pcic-01625,A2,vocab,nociones_especificas,13.1. Salud y enfermedades [ v. Saberes y comportamientos socioculturales 1.12.1. ],tos
pcic-01626,A2,vocab,nociones_especificas,13.1. Salud y enfermedades [ v. Saberes y comportamientos socioculturales 1.12.1. ],llevar una vida sana
pcic-01627,A2,vocab,nociones_especificas,13.1. Salud y enfermedades [ v. Saberes y comportamientos socioculturales 1.12.1. ],tener una enfermedad
pcic-01628,A2,vocab,nociones_especificas,13.3. Síntomas,de cabeza
pcic-01629,A2,vocab,nociones_especificas,13.3. Síntomas,de espalda
pcic-01630,A2,vocab,nociones_especificas,13.3. Síntomas,de estómago
pcic-01631,A2,vocab,nociones_especificas,13.3. Síntomas,doler
pcic-01632,A1,vocab,nociones_especificas,"13.4. Centros de asistencia sanitaria [ v. Nociones específicas 11.4. , Saberes y comportamientos socioculturales 1.12.2. ]",enfermero
pcic-01633,A1,vocab,nociones_especificas,"13.4. Centros de asistencia sanitaria [ v. Nociones específicas 11.4. , Saberes y comportamientos socioculturales 1.12.2. ]",al hospital
pcic-01634,A1,vocab,nociones_especificas,"13.4. Centros de asistencia sanitaria [ v. Nociones específicas 11.4. , Saberes y comportamientos socioculturales 1.12.2. ]",al médico
pcic-01635,A2,vocab,nociones_especificas,"13.4. Centros de asistencia sanitaria [ v. Nociones específicas 11.4. , Saberes y comportamientos socioculturales 1.12.2. ]",urgencias
pcic-01636,A1,vocab,nociones_especificas,13.5. Medicina y medicamentos,farmacia
pcic-01637,A2,vocab,nociones_especificas,13.5. Medicina y medicamentos,una medicina
pcic-01638,A2,vocab,nociones_especificas,13.5. Medicina y medicamentos,un medicamento
pcic-01639,A1,vocab,nociones_especificas,13.6. Higiene,agua
pcic-01640,A1,vocab,nociones_especificas,13.6. Higiene,jabón
pcic-01641,A1,vocab,nociones_especificas,13.6. Higiene,la cara
pcic-01642,A1,vocab,nociones_especificas,13.6. Higiene,las manos
pcic-01643,A1,vocab,nociones_especificas,13.6. Higiene,el pelo
pcic-01644,A1,vocab,nociones_especificas,13.6. Higiene,los dientes
pcic-01645,A1,vocab,nociones_especificas,13.6. Higiene,bañarse
pcic-01646,A2,vocab,nociones_especificas,13.6. Higiene,ducha
pcic-01647,A2,vocab,nociones_especificas,13.6. Higiene,bañera
pcic-01648,A2,vocab,nociones_especificas,13.6. Higiene,toalla
pcic-01649,A2,vocab,nociones_especificas,13.6. Higiene,champú
pcic-01650,A2,vocab,nociones_especificas,13.6. Higiene,gel
pcic-01651,A2,vocab,nociones_especificas,13.6. Higiene,colonia
pcic-01652,A2,vocab,nociones_especificas,13.6. Higiene,desodorante
pcic-01653,A2,vocab,nociones_especificas,13.6. Higiene,de dientes
pcic-01654,A2,vocab,nociones_especificas,13.6. Higiene,el pelo
pcic-01655,A2,vocab,nociones_especificas,13.6. Higiene,las manos
pcic-01656,A2,vocab,nociones_especificas,13.6. Higiene,los dientes ~ limpios
pcic-01657,A2,vocab,nociones_especificas,13.6. Higiene,sucios
pcic-01658,A2,vocab,nociones_especificas,13.6. Higiene,cepillarse los dientes
pcic-01659,A2,vocab,nociones_especificas,13.7. Estética,el pelo largo
pcic-01660,A2,vocab,nociones_especificas,13.7. Estética,liso
pcic-01661,A1,vocab,nociones_especificas,14.1. Viajes [ v. Saberes y comportamientos socioculturales 1.13.1. ],carné de identidad
pcic-01662,A1,vocab,nociones_especificas,14.1. Viajes [ v. Saberes y comportamientos socioculturales 1.13.1. ],pasaporte
pcic-01663,A1,vocab,nociones_especificas,14.1. Viajes [ v. Saberes y comportamientos socioculturales 1.13.1. ],plano
pcic-01664,A1,vocab,nociones_especificas,14.1. Viajes [ v. Saberes y comportamientos socioculturales 1.13.1. ],publicidad
pcic-01665,A1,vocab,nociones_especificas,14.1. Viajes [ v. Saberes y comportamientos socioculturales 1.13.1. ],de ida
pcic-01666,A1,vocab,nociones_especificas,14.1. Viajes [ v. Saberes y comportamientos socioculturales 1.13.1. ],vuelta
pcic-01667,A1,vocab,nociones_especificas,14.1. Viajes [ v. Saberes y comportamientos socioculturales 1.13.1. ],oficina de información
pcic-01668,A1,vocab,nociones_especificas,14.1. Viajes [ v. Saberes y comportamientos socioculturales 1.13.1. ],a Madrid
pcic-01669,A1,vocab,nociones_especificas,14.1. Viajes [ v. Saberes y comportamientos socioculturales 1.13.1. ],a la playa
pcic-01670,A1,vocab,nociones_especificas,14.1. Viajes [ v. Saberes y comportamientos socioculturales 1.13.1. ],a la montaña
pcic-01671,A1,vocab,nociones_especificas,14.1. Viajes [ v. Saberes y comportamientos socioculturales 1.13.1. ],al campo
pcic-01672,A1,vocab,nociones_especificas,14.1. Viajes [ v. Saberes y comportamientos socioculturales 1.13.1. ],ir a la playa
pcic-01673,A1,vocab,nociones_especificas,14.1. Viajes [ v. Saberes y comportamientos socioculturales 1.13.1. ],ir a la montaña
pcic-01674,A2,vocab,nociones_especificas,14.1. Viajes [ v. Saberes y comportamientos socioculturales 1.13.1. ],hacer las maletas
pcic-01675,A2,vocab,nociones_especificas,14.1. Viajes [ v. Saberes y comportamientos socioculturales 1.13.1. ],un plano
pcic-01676,A2,vocab,nociones_especificas,14.1. Viajes [ v. Saberes y comportamientos socioculturales 1.13.1. ],un mapa
pcic-01677,A2,vocab,nociones_especificas,14.1. Viajes [ v. Saberes y comportamientos socioculturales 1.13.1. ],tener un seguro de viaje
pcic-01678,A2,vocab,nociones_especificas,14.1. Viajes [ v. Saberes y comportamientos socioculturales 1.13.1. ],de tren
pcic-01679,A2,vocab,nociones_especificas,14.1. Viajes [ v. Saberes y comportamientos socioculturales 1.13.1. ],de avión
pcic-01680,A2,vocab,nociones_especificas,14.1. Viajes [ v. Saberes y comportamientos socioculturales 1.13.1. ],de autobús
pcic-01681,A2,vocab,nociones_especificas,14.1. Viajes [ v. Saberes y comportamientos socioculturales 1.13.1. ],guía turístico
pcic-01682,A2,vocab,nociones_especificas,14.1. Viajes [ v. Saberes y comportamientos socioculturales 1.13.1. ],vuelo
pcic-01683,A2,vocab,nociones_especificas,14.1. Viajes [ v. Saberes y comportamientos socioculturales 1.13.1. ],excursión
pcic-01684,A2,vocab,nociones_especificas,14.1. Viajes [ v. Saberes y comportamientos socioculturales 1.13.1. ],de viaje
pcic-01685,A2,vocab,nociones_especificas,14.1. Viajes [ v. Saberes y comportamientos socioculturales 1.13.1. ],de vacaciones
pcic-01686,A2,vocab,nociones_especificas,14.1. Viajes [ v. Saberes y comportamientos socioculturales 1.13.1. ],en avión
pcic-01687,A2,vocab,nociones_especificas,14.1. Viajes [ v. Saberes y comportamientos socioculturales 1.13.1. ],en barco
pcic-01688,A2,vocab,nociones_especificas,14.1. Viajes [ v. Saberes y comportamientos socioculturales 1.13.1. ],en tren
pcic-01689,A2,vocab,nociones_especificas,14.1. Viajes [ v. Saberes y comportamientos socioculturales 1.13.1. ],en coche
pcic-01690,A2,vocab,nociones_especificas,14.1. Viajes [ v. Saberes y comportamientos socioculturales 1.13.1. ],en autobús
pcic-01691,A2,vocab,nociones_especificas,14.1. Viajes [ v. Saberes y comportamientos socioculturales 1.13.1. ],gafas
pcic-01692,A2,vocab,nociones_especificas,14.1. Viajes [ v. Saberes y comportamientos socioculturales 1.13.1. ],bañarse
pcic-01693,A2,vocab,nociones_especificas,14.1. Viajes [ v. Saberes y comportamientos socioculturales 1.13.1. ],mochila
pcic-01694,A2,vocab,nociones_especificas,14.1. Viajes [ v. Saberes y comportamientos socioculturales 1.13.1. ],abrigo
pcic-01695,A2,vocab,nociones_especificas,14.1. Viajes [ v. Saberes y comportamientos socioculturales 1.13.1. ],gorro
pcic-01696,A1,vocab,nociones_especificas,14.2. Alojamiento [ v. Saberes y comportamientos socioculturales 1.13.2. ],hotel
pcic-01697,A1,vocab,nociones_especificas,14.2. Alojamiento [ v. Saberes y comportamientos socioculturales 1.13.2. ],campin
pcic-01698,A1,vocab,nociones_especificas,14.2. Alojamiento [ v. Saberes y comportamientos socioculturales 1.13.2. ],doble
pcic-01699,A1,vocab,nociones_especificas,14.2. Alojamiento [ v. Saberes y comportamientos socioculturales 1.13.2. ],individual
pcic-01700,A1,vocab,nociones_especificas,14.2. Alojamiento [ v. Saberes y comportamientos socioculturales 1.13.2. ],con ~ baño
pcic-01701,A2,vocab,nociones_especificas,14.2. Alojamiento [ v. Saberes y comportamientos socioculturales 1.13.2. ],pensión completa
pcic-01702,A2,vocab,nociones_especificas,14.2. Alojamiento [ v. Saberes y comportamientos socioculturales 1.13.2. ],media pensión
pcic-01703,A2,vocab,nociones_especificas,14.2. Alojamiento [ v. Saberes y comportamientos socioculturales 1.13.2. ],desayuno
pcic-01704,A2,vocab,nociones_especificas,14.2. Alojamiento [ v. Saberes y comportamientos socioculturales 1.13.2. ],reservar
pcic-01705,A2,vocab,nociones_especificas,14.2. Alojamiento [ v. Saberes y comportamientos socioculturales 1.13.2. ],hacer una reserva
pcic-01706,A1,vocab,nociones_especificas,14.3. Sistema de transporte,carretera
pcic-01707,A1,vocab,nociones_especificas,14.3. Sistema de transporte,de tren
pcic-01708,A1,vocab,nociones_especificas,14.3. Sistema de transporte,de metro
pcic-01709,A1,vocab,nociones_especificas,14.3. Sistema de transporte,de autobús
pcic-01710,A1,vocab,nociones_especificas,14.3. Sistema de transporte,de taxi
pcic-01711,A1,vocab,nociones_especificas,14.3. Sistema de transporte,andando
pcic-01712,A1,vocab,nociones_especificas,14.3. Sistema de transporte,en coche
pcic-01713,A1,vocab,nociones_especificas,14.3. Sistema de transporte,en taxi
pcic-01714,A1,vocab,nociones_especificas,14.3. Sistema de transporte,en tren
pcic-01715,A1,vocab,nociones_especificas,14.3. Sistema de transporte,en metro
pcic-01716,A1,vocab,nociones_especificas,14.3. Sistema de transporte,en autobús
pcic-01717,A1,vocab,nociones_especificas,14.3. Sistema de transporte,en avión
pcic-01718,A1,vocab,nociones_especificas,14.3. Sistema de transporte,en barco
pcic-01719,A1,vocab,nociones_especificas,14.3. Sistema de transporte,coche
pcic-01720,A1,vocab,nociones_especificas,14.3. Sistema de transporte,metro
pcic-01721,A1,vocab,nociones_especificas,14.3. Sistema de transporte,tren
pcic-01722,A1,vocab,nociones_especificas,14.3. Sistema de transporte,autobús
pcic-01723,A1,vocab,nociones_especificas,14.3. Sistema de transporte,taxi
pcic-01724,A1,vocab,nociones_especificas,14.3. Sistema de transporte,conductor
pcic-01725,A1,vocab,nociones_especificas,14.3. Sistema de transporte,aparcamiento
pcic-01726,A1,vocab,nociones_especificas,14.3. Sistema de transporte,de autobuses
pcic-01727,A1,vocab,nociones_especificas,14.3. Sistema de transporte,puerto
pcic-01728,A1,vocab,nociones_especificas,14.3. Sistema de transporte,avión
pcic-01729,A1,vocab,nociones_especificas,14.3. Sistema de transporte,aeropuerto
pcic-01730,A1,vocab,nociones_especificas,14.3. Sistema de transporte,carné de conducir
pcic-01731,A2,vocab,nociones_especificas,14.3. Sistema de transporte,carretera
pcic-01732,A2,vocab,nociones_especificas,14.3. Sistema de transporte,calle
pcic-01733,A2,vocab,nociones_especificas,14.3. Sistema de transporte,boca de metro
pcic-01734,A2,vocab,nociones_especificas,14.3. Sistema de transporte,un plano de metro
pcic-01735,A2,vocab,nociones_especificas,14.3. Sistema de transporte,ciclista
pcic-01736,A2,vocab,nociones_especificas,14.3. Sistema de transporte,un taxi
pcic-01737,A2,vocab,nociones_especificas,14.3. Sistema de transporte,el metro
pcic-01738,A2,vocab,nociones_especificas,14.3. Sistema de transporte,el tren
pcic-01739,A2,vocab,nociones_especificas,14.3. Sistema de transporte,en bicicleta
pcic-01740,A2,vocab,nociones_especificas,14.3. Sistema de transporte,en moto
pcic-01741,A2,vocab,nociones_especificas,14.3. Sistema de transporte,coger un barco
pcic-01742,A2,vocab,nociones_especificas,14.3. Sistema de transporte,piloto
pcic-01743,A2,vocab,nociones_especificas,14.3. Sistema de transporte,azafata
pcic-01744,A2,vocab,nociones_especificas,14.3. Sistema de transporte,viajar en avión
pcic-01745,A2,vocab,nociones_especificas,14.3. Sistema de transporte,el avión
pcic-01746,A2,vocab,nociones_especificas,14.3. Sistema de transporte,rueda
pcic-01747,A2,vocab,nociones_especificas,14.3. Sistema de transporte,mecánico
pcic-01748,A2,vocab,nociones_especificas,14.3. Sistema de transporte,lavar el coche
pcic-01749,A1,vocab,nociones_especificas,15.1. Finanzas y bolsa,caro
pcic-01750,A1,vocab,nociones_especificas,15.1. Finanzas y bolsa,barato
pcic-01751,A2,vocab,nociones_especificas,15.1. Finanzas y bolsa,cheque
pcic-01752,A2,vocab,nociones_especificas,15.1. Finanzas y bolsa,pobre
pcic-01753,A2,vocab,nociones_especificas,15.3. Comercio,anuncio
pcic-01754,A2,vocab,nociones_especificas,15.4. Entidades y empresas,presidente
pcic-01755,A2,vocab,nociones_especificas,15.4. Entidades y empresas,empleado
pcic-01756,A2,vocab,nociones_especificas,15.5. Industria y energía,agricultor
pcic-01757,A2,vocab,nociones_especificas,15.5. Industria y energía,vaca
pcic-01758,A2,vocab,nociones_especificas,16.1. Cuestiones generales,ciencia
pcic-01759,A2,vocab,nociones_especificas,16.1. Cuestiones generales,tecnología
pcic-01760,A2,vocab,nociones_especificas,16.1. Cuestiones generales,científico
pcic-01761,A2,vocab,nociones_especificas,16.4. Informática y nuevas tecnologías [ v. Nociones específicas 9.6. ],portátil
pcic-01762,A2,vocab,nociones_especificas,16.4. Informática y nuevas tecnologías [ v. Nociones específicas 9.6. ],PC
pcic-01763,A2,vocab,nociones_especificas,16.4. Informática y nuevas tecnologías [ v. Nociones específicas 9.6. ],informática
pcic-01764,A2,vocab,nociones_especificas,16.4. Informática y nuevas tecnologías [ v. Nociones específicas 9.6. ],informático
pcic-01765,A2,vocab,nociones_especificas,16.4. Informática y nuevas tecnologías [ v. Nociones específicas 9.6. ],CD-ROM
pcic-01766,A2,vocab,nociones_especificas,16.4. Informática y nuevas tecnologías [ v. Nociones específicas 9.6. ],DVD
pcic-01767,A2,vocab,nociones_especificas,16.4. Informática y nuevas tecnologías [ v. Nociones específicas 9.6. ],navegar por Internet
pcic-01768,A2,vocab,nociones_especificas,16.4. Informática y nuevas tecnologías [ v. Nociones específicas 9.6. ],chatear
pcic-01769,A2,vocab,nociones_especificas,17.1. Sociedad,educación
pcic-01770,A1,vocab,nociones_especificas,17.2. Política y gobierno,capital
pcic-01771,A1,vocab,nociones_especificas,17.2. Política y gobierno,presidente
pcic-01772,A1,vocab,nociones_especificas,17.2. Política y gobierno,rey
pcic-01773,A1,vocab,nociones_especificas,17.2. Política y gobierno,reina
pcic-01774,A2,vocab,nociones_especificas,17.2. Política y gobierno,gobierno
pcic-01775,A2,vocab,nociones_especificas,17.2. Política y gobierno,política
pcic-01776,A2,vocab,nociones_especificas,17.2. Política y gobierno,partido político
pcic-01777,A2,vocab,nociones_especificas,17.2. Política y gobierno,ministro
pcic-01778,A2,vocab,nociones_especificas,17.2. Política y gobierno,príncipe
pcic-01779,A2,vocab,nociones_especificas,17.2. Política y gobierno,princesa
pcic-01780,A2,vocab,nociones_especificas,17.2. Política y gobierno,Ayuntamiento
pcic-01781,A2,vocab,nociones_especificas,"17.3. Ley y justicia [ v. Referentes culturales 1.3.2. , Saberes y comportamientos socioculturales 1.16. ]",juez
pcic-01782,A2,vocab,nociones_especificas,17.4. Ejército [ v. Referentes culturales 1.3.1. ],ejército
pcic-01783,A2,vocab,nociones_especificas,17.4. Ejército [ v. Referentes culturales 1.3.1. ],guerra
pcic-01784,A2,vocab,nociones_especificas,17.4. Ejército [ v. Referentes culturales 1.3.1. ],paz
pcic-01785,A1,vocab,nociones_especificas,"18.1. Disciplinas y cualidades artísticas [ v. Referentes culturales 3. , Nociones específicas 8.1. , 8.2. ]",cine
pcic-01786,A1,vocab,nociones_especificas,"18.1. Disciplinas y cualidades artísticas [ v. Referentes culturales 3. , Nociones específicas 8.1. , 8.2. ]",teatro
pcic-01787,A1,vocab,nociones_especificas,"18.1. Disciplinas y cualidades artísticas [ v. Referentes culturales 3. , Nociones específicas 8.1. , 8.2. ]",foto
pcic-01788,A1,vocab,nociones_especificas,"18.1. Disciplinas y cualidades artísticas [ v. Referentes culturales 3. , Nociones específicas 8.1. , 8.2. ]",museo
pcic-01789,A1,vocab,nociones_especificas,"18.1. Disciplinas y cualidades artísticas [ v. Referentes culturales 3. , Nociones específicas 8.1. , 8.2. ]",exposición
pcic-01790,A1,vocab,nociones_especificas,"18.1. Disciplinas y cualidades artísticas [ v. Referentes culturales 3. , Nociones específicas 8.1. , 8.2. ]",interesante
pcic-01791,A1,vocab,nociones_especificas,"18.1. Disciplinas y cualidades artísticas [ v. Referentes culturales 3. , Nociones específicas 8.1. , 8.2. ]",bonito
pcic-01792,A2,vocab,nociones_especificas,"18.1. Disciplinas y cualidades artísticas [ v. Referentes culturales 3. , Nociones específicas 8.1. , 8.2. ]",arte
pcic-01793,A2,vocab,nociones_especificas,"18.1. Disciplinas y cualidades artísticas [ v. Referentes culturales 3. , Nociones específicas 8.1. , 8.2. ]",artista
pcic-01794,A2,vocab,nociones_especificas,"18.1. Disciplinas y cualidades artísticas [ v. Referentes culturales 3. , Nociones específicas 8.1. , 8.2. ]",fotografía
pcic-01795,A2,vocab,nociones_especificas,"18.1. Disciplinas y cualidades artísticas [ v. Referentes culturales 3. , Nociones específicas 8.1. , 8.2. ]",literatura
pcic-01796,A2,vocab,nociones_especificas,"18.1. Disciplinas y cualidades artísticas [ v. Referentes culturales 3. , Nociones específicas 8.1. , 8.2. ]",monumento
pcic-01797,A2,vocab,nociones_especificas,"18.1. Disciplinas y cualidades artísticas [ v. Referentes culturales 3. , Nociones específicas 8.1. , 8.2. ]",estatua
pcic-01798,A2,vocab,nociones_especificas,"18.1. Disciplinas y cualidades artísticas [ v. Referentes culturales 3. , Nociones específicas 8.1. , 8.2. ]",novela
pcic-01799,A2,vocab,nociones_especificas,"18.1. Disciplinas y cualidades artísticas [ v. Referentes culturales 3. , Nociones específicas 8.1. , 8.2. ]",poesía
pcic-01800,A2,vocab,nociones_especificas,"18.1. Disciplinas y cualidades artísticas [ v. Referentes culturales 3. , Nociones específicas 8.1. , 8.2. ]",obra de teatro
pcic-01801,A2,vocab,nociones_especificas,"18.1. Disciplinas y cualidades artísticas [ v. Referentes culturales 3. , Nociones específicas 8.1. , 8.2. ]",cuadro
pcic-01802,A1,vocab,nociones_especificas,"18.2. Música y danza [ v. Referentes culturales 3.2. , 3.3.3. , Nociones específicas 8.1. , 8.2. ]",cantante
pcic-01803,A1,vocab,nociones_especificas,"18.2. Música y danza [ v. Referentes culturales 3.2. , 3.3.3. , Nociones específicas 8.1. , 8.2. ]",escuchar música
pcic-01804,A2,vocab,nociones_especificas,"18.2. Música y danza [ v. Referentes culturales 3.2. , 3.3.3. , Nociones específicas 8.1. , 8.2. ]",músico
pcic-01805,A2,vocab,nociones_especificas,"18.2. Música y danza [ v. Referentes culturales 3.2. , 3.3.3. , Nociones específicas 8.1. , 8.2. ]",canción
pcic-01806,A2,vocab,nociones_especificas,"18.2. Música y danza [ v. Referentes culturales 3.2. , 3.3.3. , Nociones específicas 8.1. , 8.2. ]",guitarra
pcic-01807,A2,vocab,nociones_especificas,"18.2. Música y danza [ v. Referentes culturales 3.2. , 3.3.3. , Nociones específicas 8.1. , 8.2. ]",piano
pcic-01808,A2,vocab,nociones_especificas,"18.2. Música y danza [ v. Referentes culturales 3.2. , 3.3.3. , Nociones específicas 8.1. , 8.2. ]",violín
pcic-01809,A2,vocab,nociones_especificas,"18.2. Música y danza [ v. Referentes culturales 3.2. , 3.3.3. , Nociones específicas 8.1. , 8.2. ]",flamenco
pcic-01810,A2,vocab,nociones_especificas,"18.2. Música y danza [ v. Referentes culturales 3.2. , 3.3.3. , Nociones específicas 8.1. , 8.2. ]",ópera
pcic-01811,A2,vocab,nociones_especificas,"18.2. Música y danza [ v. Referentes culturales 3.2. , 3.3.3. , Nociones específicas 8.1. , 8.2. ]",rock
pcic-01812,A2,vocab,nociones_especificas,"18.2. Música y danza [ v. Referentes culturales 3.2. , 3.3.3. , Nociones específicas 8.1. , 8.2. ]",pop
pcic-01813,A2,vocab,nociones_especificas,"18.2. Música y danza [ v. Referentes culturales 3.2. , 3.3.3. , Nociones específicas 8.1. , 8.2. ]",jazz
pcic-01814,A2,vocab,nociones_especificas,"18.2. Música y danza [ v. Referentes culturales 3.2. , 3.3.3. , Nociones específicas 8.1. , 8.2. ]",tango
pcic-01815,A2,vocab,nociones_especificas,"18.2. Música y danza [ v. Referentes culturales 3.2. , 3.3.3. , Nociones específicas 8.1. , 8.2. ]",musical
pcic-01816,A2,vocab,nociones_especificas,"18.2. Música y danza [ v. Referentes culturales 3.2. , 3.3.3. , Nociones específicas 8.1. , 8.2. ]",clásica
pcic-01817,A2,vocab,nociones_especificas,"18.2. Música y danza [ v. Referentes culturales 3.2. , 3.3.3. , Nociones específicas 8.1. , 8.2. ]",moderna
pcic-01818,A1,vocab,nociones_especificas,"18.3. Arquitectura, escultura y pintura [ v. Referentes culturales 3.4. , 3.5.1., 3.5.2. , Nociones específicas 8.1. , 8.2. ]",edificio
pcic-01819,A1,vocab,nociones_especificas,"18.3. Arquitectura, escultura y pintura [ v. Referentes culturales 3.4. , 3.5.1., 3.5.2. , Nociones específicas 8.1. , 8.2. ]",monumento
pcic-01820,A1,vocab,nociones_especificas,"18.3. Arquitectura, escultura y pintura [ v. Referentes culturales 3.4. , 3.5.1., 3.5.2. , Nociones específicas 8.1. , 8.2. ]",catedral
pcic-01821,A1,vocab,nociones_especificas,"18.3. Arquitectura, escultura y pintura [ v. Referentes culturales 3.4. , 3.5.1., 3.5.2. , Nociones específicas 8.1. , 8.2. ]",iglesia
pcic-01822,A2,vocab,nociones_especificas,"18.3. Arquitectura, escultura y pintura [ v. Referentes culturales 3.4. , 3.5.1., 3.5.2. , Nociones específicas 8.1. , 8.2. ]",arquitecto
pcic-01823,A2,vocab,nociones_especificas,"18.3. Arquitectura, escultura y pintura [ v. Referentes culturales 3.4. , 3.5.1., 3.5.2. , Nociones específicas 8.1. , 8.2. ]",pintor
pcic-01824,A2,vocab,nociones_especificas,"18.3. Arquitectura, escultura y pintura [ v. Referentes culturales 3.4. , 3.5.1., 3.5.2. , Nociones específicas 8.1. , 8.2. ]",dibujo
pcic-01825,A2,vocab,nociones_especificas,"18.3. Arquitectura, escultura y pintura [ v. Referentes culturales 3.4. , 3.5.1., 3.5.2. , Nociones específicas 8.1. , 8.2. ]",palacio
pcic-01826,A2,vocab,nociones_especificas,"18.3. Arquitectura, escultura y pintura [ v. Referentes culturales 3.4. , 3.5.1., 3.5.2. , Nociones específicas 8.1. , 8.2. ]",castillo
pcic-01827,A2,vocab,nociones_especificas,"18.3. Arquitectura, escultura y pintura [ v. Referentes culturales 3.4. , 3.5.1., 3.5.2. , Nociones específicas 8.1. , 8.2. ]",pintar
pcic-01828,A2,vocab,nociones_especificas,18.4. Literatura [ v. Referentes culturales 3.1. ],escritor
pcic-01829,A2,vocab,nociones_especificas,18.4. Literatura [ v. Referentes culturales 3.1. ],cuento
pcic-01830,A2,vocab,nociones_especificas,18.5. Fotografía [ v. Referentes culturales 3.5.3. ],fotógrafo
pcic-01831,A2,vocab,nociones_especificas,18.5. Fotografía [ v. Referentes culturales 3.5.3. ],cámara
pcic-01832,A2,vocab,nociones_especificas,18.5. Fotografía [ v. Referentes culturales 3.5.3. ],fotos
pcic-01833,A2,vocab,nociones_especificas,18.5. Fotografía [ v. Referentes culturales 3.5.3. ],una foto
pcic-01834,A2,vocab,nociones_especificas,18.5. Fotografía [ v. Referentes culturales 3.5.3. ],ver una exposición
pcic-01835,A1,vocab,nociones_especificas,"18.6. Cine y teatro [ v. Referentes culturales 3.3.1., 3.3.2. , Nociones específicas 8.1. , 8.2. ]",actor
pcic-01836,A1,vocab,nociones_especificas,"18.6. Cine y teatro [ v. Referentes culturales 3.3.1., 3.3.2. , Nociones específicas 8.1. , 8.2. ]",actriz
pcic-01837,A2,vocab,nociones_especificas,"18.6. Cine y teatro [ v. Referentes culturales 3.3.1., 3.3.2. , Nociones específicas 8.1. , 8.2. ]",director
pcic-01838,A1,vocab,nociones_especificas,"19.1. Religión [ v. Saberes y comportamientos socioculturales 3.3. , Referentes culturales 1.10. ]",religión
pcic-01839,A1,vocab,nociones_especificas,"19.1. Religión [ v. Saberes y comportamientos socioculturales 3.3. , Referentes culturales 1.10. ]",cristiano
pcic-01840,A1,vocab,nociones_especificas,"19.1. Religión [ v. Saberes y comportamientos socioculturales 3.3. , Referentes culturales 1.10. ]",judío
pcic-01841,A1,vocab,nociones_especificas,"19.1. Religión [ v. Saberes y comportamientos socioculturales 3.3. , Referentes culturales 1.10. ]",musulmán
pcic-01842,A1,vocab,nociones_especificas,"19.1. Religión [ v. Saberes y comportamientos socioculturales 3.3. , Referentes culturales 1.10. ]",budista
pcic-01843,A1,vocab,nociones_especificas,"19.1. Religión [ v. Saberes y comportamientos socioculturales 3.3. , Referentes culturales 1.10. ]",a la iglesia
pcic-01844,A1,vocab,nociones_especificas,"19.1. Religión [ v. Saberes y comportamientos socioculturales 3.3. , Referentes culturales 1.10. ]",a la mezquita
pcic-01845,A1,vocab,nociones_especificas,"19.1. Religión [ v. Saberes y comportamientos socioculturales 3.3. , Referentes culturales 1.10. ]",a la sinagoga
pcic-01846,A2,vocab,nociones_especificas,"19.1. Religión [ v. Saberes y comportamientos socioculturales 3.3. , Referentes culturales 1.10. ]",Iglesia
pcic-01847,A2,vocab,nociones_especificas,"19.1. Religión [ v. Saberes y comportamientos socioculturales 3.3. , Referentes culturales 1.10. ]",Navidad
pcic-01848,A2,vocab,nociones_especificas,"19.1. Religión [ v. Saberes y comportamientos socioculturales 3.3. , Referentes culturales 1.10. ]",Ramadán
pcic-01849,A2,vocab,nociones_especificas,"19.1. Religión [ v. Saberes y comportamientos socioculturales 3.3. , Referentes culturales 1.10. ]",Sabbat
pcic-01850,A2,vocab,nociones_especificas,"19.1. Religión [ v. Saberes y comportamientos socioculturales 3.3. , Referentes culturales 1.10. ]",en Dios
pcic-01851,A2,vocab,nociones_especificas,"19.1. Religión [ v. Saberes y comportamientos socioculturales 3.3. , Referentes culturales 1.10. ]",en Alá
pcic-01852,A2,vocab,nociones_especificas,"19.1. Religión [ v. Saberes y comportamientos socioculturales 3.3. , Referentes culturales 1.10. ]",en la reencarnación
pcic-01853,A1,vocab,nociones_especificas,20.1. Universo y espacio,sol
pcic-01854,A2,vocab,nociones_especificas,20.1. Universo y espacio,mundo
pcic-01855,A2,vocab,nociones_especificas,20.1. Universo y espacio,cielo
pcic-01856,A2,vocab,nociones_especificas,20.1. Universo y espacio,luna
pcic-01857,A2,vocab,nociones_especificas,20.1. Universo y espacio,estrella
pcic-01858,A2,vocab,nociones_especificas,20.1. Universo y espacio,planeta
pcic-01859,A1,vocab,nociones_especificas,20.2. Geografía,lugar
pcic-01860,A1,vocab,nociones_especificas,20.2. Geografía,Norte
pcic-01861,A1,vocab,nociones_especificas,20.2. Geografía,Sur
pcic-01862,A1,vocab,nociones_especificas,20.2. Geografía,Este
pcic-01863,A1,vocab,nociones_especificas,20.2. Geografía,Oeste
pcic-01864,A1,vocab,nociones_especificas,20.2. Geografía,montaña
pcic-01865,A1,vocab,nociones_especificas,20.2. Geografía,mar
pcic-01866,A1,vocab,nociones_especificas,20.2. Geografía,río
pcic-01867,A1,vocab,nociones_especificas,20.2. Geografía,playa
pcic-01868,A2,vocab,nociones_especificas,20.2. Geografía,región
pcic-01869,A2,vocab,nociones_especificas,20.2. Geografía,Noroeste
pcic-01870,A2,vocab,nociones_especificas,20.2. Geografía,Nordeste
pcic-01871,A2,vocab,nociones_especificas,20.2. Geografía,Suroeste
pcic-01872,A2,vocab,nociones_especificas,20.2. Geografía,Sudeste
pcic-01873,A2,vocab,nociones_especificas,20.2. Geografía,isla
pcic-01874,A2,vocab,nociones_especificas,20.2. Geografía,desierto
pcic-01875,A2,vocab,nociones_especificas,20.2. Geografía,bosque
pcic-01876,A2,vocab,nociones_especificas,20.2. Geografía,costa
pcic-01877,A2,vocab,nociones_especificas,20.2. Geografía,interior
pcic-01878,A1,vocab,nociones_especificas,20.3. Espacios urbanos o rústicos,centro
pcic-01879,A1,vocab,nociones_especificas,20.3. Espacios urbanos o rústicos,parque
pcic-01880,A1,vocab,nociones_especificas,20.3. Espacios urbanos o rústicos,centro comercial
pcic-01881,A1,vocab,nociones_especificas,20.3. Espacios urbanos o rústicos,colegio
pcic-01882,A1,vocab,nociones_especificas,20.3. Espacios urbanos o rústicos,escuela
pcic-01883,A1,vocab,nociones_especificas,20.3. Espacios urbanos o rústicos,de taxis
pcic-01884,A1,vocab,nociones_especificas,20.3. Espacios urbanos o rústicos,estación ~ de tren
pcic-01885,A1,vocab,nociones_especificas,20.3. Espacios urbanos o rústicos,campo
pcic-01886,A2,vocab,nociones_especificas,20.3. Espacios urbanos o rústicos,habitante
pcic-01887,A2,vocab,nociones_especificas,20.3. Espacios urbanos o rústicos,barrio
pcic-01888,A2,vocab,nociones_especificas,20.3. Espacios urbanos o rústicos,esquina
pcic-01889,A2,vocab,nociones_especificas,20.3. Espacios urbanos o rústicos,catedral
pcic-01890,A2,vocab,nociones_especificas,20.3. Espacios urbanos o rústicos,plaza mayor
pcic-01891,A2,vocab,nociones_especificas,20.3. Espacios urbanos o rústicos,peatonal
pcic-01892,A2,vocab,nociones_especificas,20.3. Espacios urbanos o rústicos,mayor
pcic-01893,A2,vocab,nociones_especificas,20.3. Espacios urbanos o rústicos,cosmopolita
pcic-01894,A2,vocab,nociones_especificas,20.3. Espacios urbanos o rústicos,abierta
pcic-01895,A2,vocab,nociones_especificas,20.3. Espacios urbanos o rústicos,industrial
pcic-01896,A2,vocab,nociones_especificas,20.3. Espacios urbanos o rústicos,antigua
pcic-01897,A2,vocab,nociones_especificas,20.3. Espacios urbanos o rústicos,universitaria
pcic-01898,A2,vocab,nociones_especificas,20.3. Espacios urbanos o rústicos,naturaleza
pcic-01899,A2,vocab,nociones_especificas,20.3. Espacios urbanos o rústicos,jardín
pcic-01900,A1,vocab,nociones_especificas,"20.4. Clima y tiempo atmosférico [ v. Nociones generales 2.6. , Referentes culturales 1.1.1. ]",primavera
pcic-01901,A1,vocab,nociones_especificas,"20.4. Clima y tiempo atmosférico [ v. Nociones generales 2.6. , Referentes culturales 1.1.1. ]",verano
pcic-01902,A1,vocab,nociones_especificas,"20.4. Clima y tiempo atmosférico [ v. Nociones generales 2.6. , Referentes culturales 1.1.1. ]",otoño
pcic-01903,A1,vocab,nociones_especificas,"20.4. Clima y tiempo atmosférico [ v. Nociones generales 2.6. , Referentes culturales 1.1.1. ]",invierno
pcic-01904,A1,vocab,nociones_especificas,"20.4. Clima y tiempo atmosférico [ v. Nociones generales 2.6. , Referentes culturales 1.1.1. ]",llover
pcic-01905,A1,vocab,nociones_especificas,"20.4. Clima y tiempo atmosférico [ v. Nociones generales 2.6. , Referentes culturales 1.1.1. ]",nevar
pcic-01906,A1,vocab,nociones_especificas,"20.4. Clima y tiempo atmosférico [ v. Nociones generales 2.6. , Referentes culturales 1.1.1. ]",frío
pcic-01907,A1,vocab,nociones_especificas,"20.4. Clima y tiempo atmosférico [ v. Nociones generales 2.6. , Referentes culturales 1.1.1. ]",calor
pcic-01908,A1,vocab,nociones_especificas,"20.4. Clima y tiempo atmosférico [ v. Nociones generales 2.6. , Referentes culturales 1.1.1. ]",viento
pcic-01909,A1,vocab,nociones_especificas,"20.4. Clima y tiempo atmosférico [ v. Nociones generales 2.6. , Referentes culturales 1.1.1. ]",buen
pcic-01910,A1,vocab,nociones_especificas,"20.4. Clima y tiempo atmosférico [ v. Nociones generales 2.6. , Referentes culturales 1.1.1. ]",mal ~ tiempo
pcic-01911,A2,vocab,nociones_especificas,"20.4. Clima y tiempo atmosférico [ v. Nociones generales 2.6. , Referentes culturales 1.1.1. ]",lluvia
pcic-01912,A2,vocab,nociones_especificas,"20.4. Clima y tiempo atmosférico [ v. Nociones generales 2.6. , Referentes culturales 1.1.1. ]",nieve
pcic-01913,A2,vocab,nociones_especificas,"20.4. Clima y tiempo atmosférico [ v. Nociones generales 2.6. , Referentes culturales 1.1.1. ]",niebla
pcic-01914,A2,vocab,nociones_especificas,"20.4. Clima y tiempo atmosférico [ v. Nociones generales 2.6. , Referentes culturales 1.1.1. ]",tormenta
pcic-01915,A2,vocab,nociones_especificas,"20.4. Clima y tiempo atmosférico [ v. Nociones generales 2.6. , Referentes culturales 1.1.1. ]",nube
pcic-01916,A2,vocab,nociones_especificas,"20.4. Clima y tiempo atmosférico [ v. Nociones generales 2.6. , Referentes culturales 1.1.1. ]",aire
pcic-01917,A2,vocab,nociones_especificas,"20.4. Clima y tiempo atmosférico [ v. Nociones generales 2.6. , Referentes culturales 1.1.1. ]",del norte
pcic-01918,A2,vocab,nociones_especificas,"20.4. Clima y tiempo atmosférico [ v. Nociones generales 2.6. , Referentes culturales 1.1.1. ]",del sur
pcic-01919,A1,vocab,nociones_especificas,20.5. Fauna [ v. Referentes culturales 1.1.3],animal
pcic-01920,A2,vocab,nociones_especificas,20.5. Fauna [ v. Referentes culturales 1.1.3],perro
pcic-01921,A2,vocab,nociones_especificas,20.5. Fauna [ v. Referentes culturales 1.1.3],gato
pcic-01922,A2,vocab,nociones_especificas,20.5. Fauna [ v. Referentes culturales 1.1.3],pájaro
pcic-01923,A2,vocab,nociones_especificas,20.5. Fauna [ v. Referentes culturales 1.1.3],pez
pcic-01924,A2,vocab,nociones_especificas,20.5. Fauna [ v. Referentes culturales 1.1.3],caballo
pcic-01925,A2,vocab,nociones_especificas,20.5. Fauna [ v. Referentes culturales 1.1.3],mosca
pcic-01926,A2,vocab,nociones_especificas,20.5. Fauna [ v. Referentes culturales 1.1.3],mosquito
pcic-01927,A2,vocab,nociones_especificas,20.5. Fauna [ v. Referentes culturales 1.1.3],araña
pcic-01928,A1,vocab,nociones_especificas,20.6. Flora [ v. Referentes culturales 1.1.3 ],planta
pcic-01929,A1,vocab,nociones_especificas,20.6. Flora [ v. Referentes culturales 1.1.3 ],flor
pcic-01930,A1,vocab,nociones_especificas,20.6. Flora [ v. Referentes culturales 1.1.3 ],árbol
pcic-01931,A2,vocab,nociones_especificas,20.6. Flora [ v. Referentes culturales 1.1.3 ],rosa
pcic-01932,A2,vocab,nociones_especificas,20.6. Flora [ v. Referentes culturales 1.1.3 ],margarita
pcic-01933,A2,vocab,nociones_especificas,20.6. Flora [ v. Referentes culturales 1.1.3 ],pino
pcic-01934,A2,vocab,nociones_especificas,20.6. Flora [ v. Referentes culturales 1.1.3 ],olivo
pcic-01935,A2,vocab,nociones_especificas,20.6. Flora [ v. Referentes culturales 1.1.3 ],ramo de flores
